Po Number,Po Line,Material Number,Plant,Vendor Number,Pr Number,Pr Creation Date,Pr Created By,Pr Purchasing Group,Po Creation Date,Po Changed Date,Po Doc Type,Purchasing Org,Purchasing Group,Po Currency,Payment Terms,Incoterms,Po Quantity,Net Value,Gr Posting Date,Gr Quantity,Gr Amount,Gr Currency,Gr Movement Type,Material Doc Number,Material Doc Posting Date,Material Doc Entry Date,Gr Description,Delivery Start Date,Delivery End Date,Kpi Three Way Match,Kpi Po Cycle Time Days,Kpi On Time Delivery,Pr To Po Days,Po To Gr Days,Is Late Delivery,Gr Vs Po Qty Diff,T1 Procurement Events
4500000021,10,MAT00000014,1100,V000032,1000000092,,USER009,3,2025-06-09T00:00:00,2025-06-09T00:00:00,FO,2000,20,INR,NET30,DDP,102.856,521556.03,2025-08-10T00:00:00,145.375,622521.02,USD,102,5000000021,,,GR Material 21,2025-06-09T00:00:00,2025-09-07T00:00:00,1,,,,62,0,42.519,2026-05-18T15:22:36
4500000023,10,MAT00000060,1100,V000012,1000000052,,USER020,10,2025-01-01T00:00:00,2025-01-01T00:00:00,NB,3000,1,INR,2/10NET30,CIF,356.985,14688472.68,2025-02-22T00:00:00,51.275,94601.48,EUR,121,5000000023,,,GR Material 23,2025-01-01T00:00:00,2025-04-01T00:00:00,1,-48,1,,52,0,-305.71,2026-05-18T15:22:36
4500000029,10,MAT00000035,1000,V000004,,,,,2023-08-26T00:00:00,2023-08-26T00:00:00,RS,1000,20,USD,2,DDP,308.933,5424656.49,2025-08-27T00:00:00,107.576,201849.36,EUR,121,5000000029,,,GR Material 29,2023-08-26T00:00:00,2023-11-24T00:00:00,1,,,,732,1,-201.357,2026-05-18T15:22:36
4500000038,10,MAT00000045,1000,V000006,1000000048,,USER020,2,2023-05-14T00:00:00,2023-05-14T00:00:00,ZUB,2000,2,USD,2/10NET30,EXW,324.435,7136233.33,2025-03-21T00:00:00,79.151,58123.31,EUR,101,5000000038,,,GR Material 38,2023-05-14T00:00:00,2023-08-12T00:00:00,1,,,,677,1,-245.284,2026-05-18T15:22:36
4500000044,10,MAT00000012,1100,V000015,1000000133,,USER001,10,2025-04-29T00:00:00,2025-04-29T00:00:00,FO,2000,10,INR,2/10NET30,CIF,225.458,9313151.43,2023-05-11T00:00:00,61.466,8068.29,EUR,101,5000000044,,,GR Material 44,2025-04-29T00:00:00,2025-07-28T00:00:00,1,-725,1,,-719,0,-163.992,2026-05-18T15:22:36
4500000053,10,MAT00000060,3000,V000016,,,,,2025-07-13T00:00:00,2025-07-13T00:00:00,FO,1000,10,INR,NET60,DDP,65.306,1791290.03,2023-05-13T00:00:00,197.376,66561.16,INR,122,5000000053,,,GR Material 53,2025-07-13T00:00:00,2025-10-11T00:00:00,1,,1,,-792,0,132.07,2026-05-18T15:22:36
4500000063,10,MAT00000004,2100,V000024,,,,,2025-07-16T00:00:00,2025-07-16T00:00:00,NB,1000,2,INR,2/10NET30,FOB,229.635,9018933,2025-07-19T00:00:00,148.099,315371.82,USD,101,5000000063,,,GR Material 63,2025-07-16T00:00:00,2025-10-14T00:00:00,1,,,,3,0,-81.536,2026-05-18T15:22:36
4500000067,10,MAT00000059,2000,V000012,1000000089,,USER009,20,2023-08-20T00:00:00,2023-08-20T00:00:00,NB,2000,10,INR,2/10NET30,CIF,213.931,7354770.22,2025-06-23T00:00:00,177.92,110603.06,USD,122,5000000067,,,GR Material 67,2023-08-20T00:00:00,2023-11-18T00:00:00,1,-193,0,,673,1,-36.011,2026-05-18T15:22:36
4500000068,10,MAT00000046,3000,V000037,1000000056,,USER012,3,2025-05-24T00:00:00,2025-05-24T00:00:00,FO,3000,10,INR,2,DDP,390.458,14190489.28,2023-12-21T00:00:00,181.207,534300.2,USD,121,5000000068,,,GR Material 68,2025-05-24T00:00:00,2025-08-22T00:00:00,1,,,,-520,0,-209.251,2026-05-18T15:22:36
4500000090,10,MAT00000012,3000,V000031,,,,,2023-02-13T00:00:00,2023-02-13T00:00:00,RS,2000,3,EUR,NET60,FOB,215.747,6044253.61,2024-11-23T00:00:00,13.487,46464.42,USD,101,5000000090,,,GR Material 90,2023-02-13T00:00:00,2023-05-14T00:00:00,1,,,,649,1,-202.26,2026-05-18T15:22:36
4500000095,10,MAT00000016,1100,V000017,,,,,2025-05-02T00:00:00,2025-05-02T00:00:00,RS,1000,10,INR,2,DAP,457.905,1929538.41,2025-09-16T00:00:00,99.535,456705.87,USD,101,5000000095,,,GR Material 95,2025-05-02T00:00:00,2025-07-31T00:00:00,1,,1,,137,1,-358.37,2026-05-18T15:22:36
4500000099,10,MAT00000051,2000,V000035,,,,,2023-03-02T00:00:00,2023-03-02T00:00:00,RS,1000,10,INR,2,FOB,215.652,918485.59,2025-05-07T00:00:00,45.907,103687.22,USD,121,5000000099,,,GR Material 99,2023-03-02T00:00:00,2023-05-31T00:00:00,1,,0,,797,1,-169.745,2026-05-18T15:22:36
4500000113,10,MAT00000026,1000,V000033,,,,,2023-07-18T00:00:00,2023-07-18T00:00:00,FO,3000,3,EUR,2,FOB,303.419,12049815.29,2024-07-03T00:00:00,49.289,99504.13,USD,102,5000000113,,,GR Material 113,2023-07-18T00:00:00,2023-10-16T00:00:00,1,,,,351,1,-254.13,2026-05-18T15:22:36
4500000121,10,MAT00000010,2000,V000037,,,,,2025-11-23T00:00:00,2025-11-23T00:00:00,RS,1000,10,USD,NET30,DAP,142.439,3807529.79,2023-05-28T00:00:00,159.442,218595.7,INR,122,5000000121,,,GR Material 121,2025-11-23T00:00:00,2026-02-21T00:00:00,1,,,,-910,0,17.003,2026-05-18T15:22:36
4500000126,10,MAT00000027,2100,V000003,,,,,2023-12-28T00:00:00,2023-12-28T00:00:00,RS,2000,2,USD,1,CIF,476.14,12043199.48,2025-02-09T00:00:00,127.159,581356.8,INR,101,5000000126,,,GR Material 126,2023-12-28T00:00:00,2024-03-27T00:00:00,1,,0,,409,1,-348.981,2026-05-18T15:22:36
4500000133,10,MAT00000015,3000,V000015,1000000020,,USER006,1,2025-09-26T00:00:00,2025-09-26T00:00:00,RS,3000,3,EUR,NET30,DAP,184.824,6618917.09,2024-04-02T00:00:00,112.13,393912.5,INR,122,5000000133,,,GR Material 133,2025-09-26T00:00:00,2025-12-25T00:00:00,1,,,,-542,0,-72.694,2026-05-18T15:22:36
4500000152,10,MAT00000027,1100,V000027,,,,,2024-03-15T00:00:00,2024-03-15T00:00:00,NB,2000,10,USD,2/10NET30,FOB,372.001,14518295.07,2023-04-02T00:00:00,171.5,847885.68,EUR,122,5000000152,,,GR Material 152,2024-03-15T00:00:00,2024-06-13T00:00:00,1,,,,-348,0,-200.501,2026-05-18T15:22:36
4500000171,10,MAT00000047,1100,V000016,1000000163,,USER007,20,2023-09-12T00:00:00,2023-09-12T00:00:00,FO,1000,20,USD,2,DAP,333.291,6473001.16,2023-06-04T00:00:00,107.781,216048.94,USD,101,5000000171,,,GR Material 171,2023-09-12T00:00:00,2023-12-11T00:00:00,1,,,,-100,0,-225.51,2026-05-18T15:22:36
4500000006,10,MAT00000044,3000,V000007,1000000019,,USER019,2,2023-02-19T00:00:00,2023-02-19T00:00:00,NB,2000,2,INR,NET60,FOB,143.968,998681.54,2025-12-25T00:00:00,131.001,285922.42,USD,101,5000000006,,,GR Material 6,2023-02-19T00:00:00,2023-05-20T00:00:00,1,,,,1040,1,-12.967,2026-05-18T15:22:36
4500000008,10,MAT00000031,2100,V000030,,,,,2024-02-25T00:00:00,2024-02-25T00:00:00,FO,1000,3,USD,1,CIF,56.3,2045879.51,2023-09-20T00:00:00,16.048,53561.93,USD,101,5000000008,,,GR Material 8,2024-02-25T00:00:00,2024-05-25T00:00:00,1,,,,-158,0,-40.252,2026-05-18T15:22:36
4500000010,10,MAT00000045,1000,V000015,1000000048,,USER020,2,2024-10-27T00:00:00,2024-10-27T00:00:00,RS,2000,20,USD,2,DAP,482.404,9771903.46,2025-05-04T00:00:00,120.798,160777.47,INR,101,5000000010,,,GR Material 10,2024-10-27T00:00:00,2025-01-25T00:00:00,1,627,0,,189,1,-361.606,2026-05-18T15:22:36
4500000020,10,MAT00000053,2000,V000040,1000000025,,USER017,3,2024-08-09T00:00:00,2024-08-09T00:00:00,FO,1000,1,USD,2/10NET30,DAP,87.004,3578948.69,2024-10-10T00:00:00,121.077,131113.93,INR,102,5000000020,,,GR Material 20,2024-08-09T00:00:00,2024-11-07T00:00:00,1,,,,62,0,34.073,2026-05-18T15:22:36
4500000035,10,MAT00000043,2000,V000039,,,,,2024-03-31T00:00:00,2024-03-31T00:00:00,NB,2000,10,INR,2,DDP,375.971,9808395.36,2025-06-30T00:00:00,164.863,85340.52,EUR,122,5000000035,,,GR Material 35,2024-03-31T00:00:00,2024-06-29T00:00:00,1,,,,456,1,-211.108,2026-05-18T15:22:36
4500000056,10,MAT00000005,3000,V000017,,,,,2023-12-06T00:00:00,2023-12-06T00:00:00,RS,2000,2,INR,NET60,DDP,217.864,7513236.12,2023-12-01T00:00:00,177.061,548722.86,USD,102,5000000056,,,GR Material 56,2023-12-06T00:00:00,2024-03-05T00:00:00,1,,0,,-5,0,-40.803,2026-05-18T15:22:36
4500000062,10,MAT00000056,1100,V000002,,,,,2024-10-01T00:00:00,2024-10-01T00:00:00,ZUB,3000,3,INR,2/10NET30,DDP,367.495,16197588.35,2025-05-26T00:00:00,12.795,33562.26,USD,102,5000000062,,,GR Material 62,2024-10-01T00:00:00,2024-12-30T00:00:00,1,,,,237,1,-354.7,2026-05-18T15:22:36
4500000072,10,MAT00000024,2100,V000024,,,,,2023-06-07T00:00:00,2023-06-07T00:00:00,NB,1000,20,USD,2/10NET30,DDP,102.735,300477.27,2023-11-20T00:00:00,151.124,453257.62,USD,101,5000000072,,,GR Material 72,2023-06-07T00:00:00,2023-09-05T00:00:00,1,,,,166,1,48.389,2026-05-18T15:22:36
4500000073,10,MAT00000032,2000,V000026,,,,,2025-10-10T00:00:00,2025-10-10T00:00:00,RS,3000,1,USD,1,CIF,104.932,1936086.69,2024-03-31T00:00:00,96.782,221286.31,EUR,102,5000000073,,,GR Material 73,2025-10-10T00:00:00,2026-01-08T00:00:00,1,,,,-558,0,-8.15,2026-05-18T15:22:36
4500000080,10,MAT00000018,1100,V000038,1000000185,,USER008,10,2025-11-22T00:00:00,2025-11-22T00:00:00,NB,2000,3,INR,NET60,FOB,160.665,1941175.42,2025-02-16T00:00:00,129.335,148634,INR,101,5000000080,,,GR Material 80,2025-11-22T00:00:00,2026-02-20T00:00:00,1,-331,1,,-279,0,-31.33,2026-05-18T15:22:36
4500000094,10,MAT00000021,2000,V000029,1000000087,,USER017,2,2025-07-18T00:00:00,2025-07-18T00:00:00,RS,2000,10,USD,NET30,DAP,111.181,4570228.42,2023-07-02T00:00:00,168.436,206878.4,USD,122,5000000094,,,GR Material 94,2025-07-18T00:00:00,2025-10-16T00:00:00,1,,,,-747,0,57.255,2026-05-18T15:22:36
4500000098,10,MAT00000038,1100,V000037,1000000078,,USER007,20,2025-02-07T00:00:00,2025-02-07T00:00:00,FO,2000,10,USD,NET30,CIF,396.484,10173664.46,2023-08-17T00:00:00,185.949,84390.25,USD,121,5000000098,,,GR Material 98,2025-02-07T00:00:00,2025-05-08T00:00:00,1,,,,-540,0,-210.535,2026-05-18T15:22:36
4500000102,10,MAT00000049,1100,V000036,,,,,2024-08-07T00:00:00,2024-08-07T00:00:00,RS,3000,10,INR,2/10NET30,EXW,179.607,110099.09,2024-11-13T00:00:00,190.97,476708.43,INR,121,5000000102,,,GR Material 102,2024-08-07T00:00:00,2024-11-05T00:00:00,1,,0,,98,1,11.363,2026-05-18T15:22:36
4500000115,10,MAT00000007,3000,V000028,,,,,2024-07-30T00:00:00,2024-07-30T00:00:00,FO,2000,10,USD,NET30,DDP,199.866,767813.22,2025-10-24T00:00:00,189.263,388009.32,USD,121,5000000115,,,GR Material 115,2024-07-30T00:00:00,2024-10-28T00:00:00,1,,,,451,1,-10.603,2026-05-18T15:22:36
4500000132,10,MAT00000022,2000,V000011,,,,,2023-05-23T00:00:00,2023-05-23T00:00:00,FO,2000,2,USD,1,EXW,194.081,1053687.1,2023-01-11T00:00:00,127.688,514752.96,EUR,102,5000000132,,,GR Material 132,2023-05-23T00:00:00,2023-08-21T00:00:00,1,,,,-132,0,-66.393,2026-05-18T15:22:36
4500000143,10,MAT00000011,3000,V000012,,,,,2024-11-09T00:00:00,2024-11-09T00:00:00,RS,1000,20,INR,2/10NET30,DDP,342.739,274588.78,2025-04-09T00:00:00,136.324,203148.94,INR,121,5000000143,,,GR Material 143,2024-11-09T00:00:00,2025-02-07T00:00:00,1,,0,,151,1,-206.415,2026-05-18T15:22:36
4500000160,10,MAT00000002,1100,V000006,1000000170,,USER014,3,2024-08-22T00:00:00,2024-08-22T00:00:00,ZUB,3000,1,INR,2/10NET30,EXW,304.22,9682692.86,2024-01-19T00:00:00,53.774,18589.79,INR,101,5000000160,,,GR Material 160,2024-08-22T00:00:00,2024-11-20T00:00:00,1,,,,-216,0,-250.446,2026-05-18T15:22:36
4500000161,10,MAT00000058,2100,V000035,1000000017,,USER010,2,2025-01-17T00:00:00,2025-01-17T00:00:00,FO,1000,20,USD,2,DDP,188.996,69650.7,2023-08-26T00:00:00,126.808,21612.11,INR,122,5000000161,,,GR Material 161,2025-01-17T00:00:00,2025-04-17T00:00:00,1,,,,-510,0,-62.188,2026-05-18T15:22:36
4500000183,10,MAT00000058,1000,V000032,,,,,2023-08-03T00:00:00,2023-08-03T00:00:00,NB,1000,20,EUR,2,FOB,352.971,5561082.81,2024-06-20T00:00:00,29.783,29368.17,USD,122,5000000183,,,GR Material 183,2023-08-03T00:00:00,2023-11-01T00:00:00,1,,0,,322,1,-323.188,2026-05-18T15:22:36
4500000197,10,MAT00000047,1000,V000021,1000000153,,USER018,2,2023-02-14T00:00:00,2023-02-14T00:00:00,NB,3000,3,EUR,NET30,DAP,134.642,304968.17,2023-10-25T00:00:00,117.602,552330.83,INR,101,5000000197,,,GR Material 197,2023-02-14T00:00:00,2023-05-15T00:00:00,1,,,,253,1,-17.04,2026-05-18T15:22:36
4500000005,10,MAT00000020,2000,V000021,1000000135,,USER010,2,2023-10-06T00:00:00,2023-10-06T00:00:00,ZUB,1000,10,EUR,NET60,CIF,168.435,7812254.48,2024-08-05T00:00:00,161.963,639639.25,USD,121,5000000005,,,GR Material 5,2023-10-06T00:00:00,2024-01-04T00:00:00,1,-731,1,,304,1,-6.472,2026-05-18T15:22:36
4500000039,10,MAT00000028,1100,V000027,,,,,2024-07-13T00:00:00,2024-07-13T00:00:00,ZUB,3000,2,USD,2,FOB,200.387,8393411.89,2024-09-11T00:00:00,139.872,184213.13,INR,102,5000000039,,,GR Material 39,2024-07-13T00:00:00,2024-10-11T00:00:00,1,,,,60,0,-60.515,2026-05-18T15:22:36
4500000050,10,MAT00000023,1000,V000012,1000000058,,USER015,2,2025-12-23T00:00:00,2025-12-23T00:00:00,RS,2000,1,USD,2,DAP,475.499,8508892.94,2024-08-10T00:00:00,106.297,80832,INR,102,5000000050,,,GR Material 50,2025-12-23T00:00:00,2026-03-23T00:00:00,1,-2,1,,-500,0,-369.202,2026-05-18T15:22:36
4500000074,10,MAT00000046,2000,V000024,1000000186,,USER007,10,2023-05-12T00:00:00,2023-05-12T00:00:00,RS,2000,1,INR,NET30,FOB,238.994,1745980.23,2024-06-13T00:00:00,158.942,540019.87,EUR,101,5000000074,,,GR Material 74,2023-05-12T00:00:00,2023-08-10T00:00:00,1,,,,398,1,-80.052,2026-05-18T15:22:36
4500000077,10,MAT00000022,2000,V000035,,,,,2024-04-23T00:00:00,2024-04-23T00:00:00,ZUB,2000,2,USD,NET60,EXW,36.074,740987.74,2025-03-08T00:00:00,156.319,415121.32,INR,122,5000000077,,,GR Material 77,2024-04-23T00:00:00,2024-07-22T00:00:00,1,,1,,319,1,120.245,2026-05-18T15:22:36
4500000078,10,MAT00000006,2100,V000022,,,,,2024-06-19T00:00:00,2024-06-19T00:00:00,NB,3000,20,INR,1,CIF,140.982,396421.65,2023-09-07T00:00:00,192.632,878384.74,EUR,121,5000000078,,,GR Material 78,2024-06-19T00:00:00,2024-09-17T00:00:00,1,,1,,-286,0,51.65,2026-05-18T15:22:36
4500000131,10,MAT00000044,1000,V000031,,,,,2024-05-18T00:00:00,2024-05-18T00:00:00,FO,1000,10,EUR,NET60,DAP,242.55,11614749.3,2023-03-07T00:00:00,143.694,703209.75,INR,102,5000000131,,,GR Material 131,2024-05-18T00:00:00,2024-08-16T00:00:00,1,,0,,-438,0,-98.856,2026-05-18T15:22:36
4500000137,10,MAT00000004,2000,V000032,1000000190,,USER007,10,2023-09-13T00:00:00,2023-09-13T00:00:00,RS,1000,1,EUR,2,DDP,238.723,4903000.4,2025-11-30T00:00:00,183.941,781069.59,INR,101,5000000137,,,GR Material 137,2023-09-13T00:00:00,2023-12-12T00:00:00,1,,,,809,1,-54.782,2026-05-18T15:22:36
4500000179,10,MAT00000040,2100,V000037,,,,,2024-12-23T00:00:00,2024-12-23T00:00:00,FO,2000,3,EUR,1,DDP,329.826,4074136.09,2024-08-11T00:00:00,31.464,83801.67,USD,122,5000000179,,,GR Material 179,2024-12-23T00:00:00,2025-03-23T00:00:00,1,,1,,-134,0,-298.362,2026-05-18T15:22:36
4500000007,10,MAT00000055,1000,V000024,1000000005,,USER004,10,2025-04-08T00:00:00,2025-04-08T00:00:00,ZUB,2000,20,EUR,NET30,FOB,449.746,5813893.53,2025-04-28T00:00:00,34.354,152782.39,USD,101,5000000007,,,GR Material 7,2025-04-08T00:00:00,2025-07-07T00:00:00,1,,,,20,0,-415.392,2026-05-18T15:22:36
4500000009,10,MAT00000006,1000,V000014,,,,,2023-06-08T00:00:00,2023-06-08T00:00:00,NB,1000,20,EUR,2,FOB,55.996,1716424.67,2025-10-19T00:00:00,181.692,28617.39,USD,102,5000000009,,,GR Material 9,2023-06-08T00:00:00,2023-09-06T00:00:00,1,,0,,864,1,125.696,2026-05-18T15:22:36
4500000015,10,MAT00000029,1000,V000009,,,,,2025-05-07T00:00:00,2025-05-07T00:00:00,NB,2000,1,EUR,1,CIF,121.28,3174114.69,2023-01-27T00:00:00,25.717,72177.88,INR,121,5000000015,,,GR Material 15,2025-05-07T00:00:00,2025-08-05T00:00:00,1,,,,-831,0,-95.563,2026-05-18T15:22:36
4500000030,10,MAT00000041,2100,V000018,1000000123,,USER001,20,2024-10-03T00:00:00,2024-10-03T00:00:00,NB,2000,10,USD,NET30,DAP,260.253,5736223.36,2024-12-15T00:00:00,179.438,397023.82,INR,121,5000000030,,,GR Material 30,2024-10-03T00:00:00,2025-01-01T00:00:00,1,,,,73,0,-80.815,2026-05-18T15:22:36
4500000033,10,MAT00000025,2100,V000036,1000000094,,USER007,1,2023-01-27T00:00:00,2023-01-27T00:00:00,FO,1000,2,INR,2,CIF,58.352,2841714.39,2024-12-24T00:00:00,113.332,384796.37,INR,102,5000000033,,,GR Material 33,2023-01-27T00:00:00,2023-04-27T00:00:00,1,,,,697,1,54.98,2026-05-18T15:22:36
4500000047,10,MAT00000010,3000,V000033,,,,,2025-03-07T00:00:00,2025-03-07T00:00:00,RS,1000,1,USD,1,CIF,428.605,19398808.03,2025-03-28T00:00:00,198.591,864497.21,EUR,122,5000000047,,,GR Material 47,2025-03-07T00:00:00,2025-06-05T00:00:00,1,,,,21,0,-230.014,2026-05-18T15:22:36
4500000051,10,MAT00000053,3000,V000006,,,,,2023-03-27T00:00:00,2023-03-27T00:00:00,FO,2000,3,EUR,2,CIF,139.23,6086566.15,2023-11-15T00:00:00,183.14,703528.8,INR,101,5000000051,,,GR Material 51,2023-03-27T00:00:00,2023-06-25T00:00:00,1,,,,233,1,43.91,2026-05-18T15:22:36
4500000060,10,MAT00000007,2000,V000037,1000000016,,USER007,20,2023-12-15T00:00:00,2023-12-15T00:00:00,RS,3000,20,USD,2/10NET30,CIF,196.282,7367764.81,2024-09-15T00:00:00,66.989,314919.59,USD,101,5000000060,,,GR Material 60,2023-12-15T00:00:00,2024-03-14T00:00:00,1,,,,275,1,-129.293,2026-05-18T15:22:36
4500000075,10,MAT00000054,1000,V000032,,,,,2023-09-24T00:00:00,2023-09-24T00:00:00,FO,3000,20,INR,2,CIF,214.378,6495473.32,2023-09-06T00:00:00,42.95,187128.44,INR,122,5000000075,,,GR Material 75,2023-09-24T00:00:00,2023-12-23T00:00:00,1,,0,,-18,0,-171.428,2026-05-18T15:22:36
4500000105,10,MAT00000047,2100,V000019,1000000063,,USER010,3,2023-10-01T00:00:00,2023-10-01T00:00:00,ZUB,3000,1,EUR,NET60,EXW,275.276,691036.35,2024-09-13T00:00:00,181.95,72475.84,EUR,122,5000000105,,,GR Material 105,2023-10-01T00:00:00,2023-12-30T00:00:00,1,,,,348,1,-93.326,2026-05-18T15:22:36
4500000107,10,MAT00000018,2000,V000004,,,,,2023-01-08T00:00:00,2023-01-08T00:00:00,NB,1000,3,INR,NET60,CIF,185.081,5630480.51,2024-06-24T00:00:00,188.169,128095.68,INR,102,5000000107,,,GR Material 107,2023-01-08T00:00:00,2023-04-08T00:00:00,1,,,,533,1,3.088,2026-05-18T15:22:36
4500000120,10,MAT00000004,1100,V000013,1000000131,,USER017,20,2024-05-11T00:00:00,2024-05-11T00:00:00,FO,3000,2,USD,1,FOB,308.588,6139139.16,2023-10-23T00:00:00,61.904,136855.32,USD,122,5000000120,,,GR Material 120,2024-05-11T00:00:00,2024-08-09T00:00:00,1,,,,-201,0,-246.684,2026-05-18T15:22:36
4500000138,10,MAT00000019,1000,V000016,,,,,2025-12-05T00:00:00,2025-12-05T00:00:00,ZUB,1000,1,USD,NET60,EXW,374.386,709349.15,2025-07-31T00:00:00,56.203,45192.65,EUR,121,5000000138,,,GR Material 138,2025-12-05T00:00:00,2026-03-05T00:00:00,1,,,,-127,0,-318.183,2026-05-18T15:22:36
4500000142,10,MAT00000002,2100,V000005,,,,,2024-02-20T00:00:00,2024-02-20T00:00:00,ZUB,2000,1,EUR,2/10NET30,DDP,46.745,1526190.13,2023-08-21T00:00:00,170.491,433002.28,INR,102,5000000142,,,GR Material 142,2024-02-20T00:00:00,2024-05-20T00:00:00,1,,0,,-183,0,123.746,2026-05-18T15:22:36
4500000153,10,MAT00000042,1100,V000004,1000000101,,USER002,2,2024-05-04T00:00:00,2024-05-04T00:00:00,RS,3000,1,USD,NET60,DDP,234.911,9425853.21,2024-10-07T00:00:00,2.888,689.36,EUR,102,5000000153,,,GR Material 153,2024-05-04T00:00:00,2024-08-02T00:00:00,1,,,,156,1,-232.023,2026-05-18T15:22:36
4500000198,10,MAT00000030,1000,V000021,,,,,2023-07-02T00:00:00,2023-07-02T00:00:00,RS,2000,20,INR,2/10NET30,FOB,475.542,11003842.15,2023-06-24T00:00:00,122.309,422447.13,INR,101,5000000198,,,GR Material 198,2023-07-02T00:00:00,2023-09-30T00:00:00,1,,0,,-8,0,-353.233,2026-05-18T15:22:36
4500000014,10,MAT00000059,2100,V000003,,,,,2023-12-09T00:00:00,2023-12-09T00:00:00,NB,3000,3,INR,1,EXW,217.633,1172967.87,2025-09-17T00:00:00,127.337,205477.53,INR,122,5000000014,,,GR Material 14,2023-12-09T00:00:00,2024-03-08T00:00:00,1,,0,,648,1,-90.296,2026-05-18T15:22:36
4500000031,10,MAT00000041,1100,V000034,1000000176,,USER016,2,2025-04-09T00:00:00,2025-04-09T00:00:00,FO,3000,2,EUR,1,CIF,308.466,11404953.52,2024-02-27T00:00:00,127.87,277110.17,USD,101,5000000031,,,GR Material 31,2025-04-09T00:00:00,2025-07-08T00:00:00,1,,,,-407,0,-180.596,2026-05-18T15:22:36
4500000045,10,MAT00000048,2000,V000031,1000000118,,USER010,20,2024-05-24T00:00:00,2024-05-24T00:00:00,ZUB,2000,20,INR,NET60,CIF,17.356,605047.86,2025-07-22T00:00:00,79.29,157448.44,USD,101,5000000045,,,GR Material 45,2024-05-24T00:00:00,2024-08-22T00:00:00,1,,,,424,1,61.934,2026-05-18T15:22:36
4500000057,10,MAT00000055,2100,V000013,,,,,2024-10-07T00:00:00,2024-10-07T00:00:00,RS,2000,2,USD,NET30,EXW,212.273,3859433.06,2024-05-18T00:00:00,150.904,49997.96,INR,121,5000000057,,,GR Material 57,2024-10-07T00:00:00,2025-01-05T00:00:00,1,,0,,-142,0,-61.369,2026-05-18T15:22:36
4500000058,10,MAT00000060,2100,V000024,1000000031,,USER020,10,2023-04-16T00:00:00,2023-04-16T00:00:00,ZUB,3000,2,EUR,NET30,DDP,42.926,1976974.96,2023-03-14T00:00:00,97.046,374732.42,USD,102,5000000058,,,GR Material 58,2023-04-16T00:00:00,2023-07-15T00:00:00,1,42,1,,-33,0,54.12,2026-05-18T15:22:36
4500000079,10,MAT00000013,1100,V000017,,,,,2024-06-27T00:00:00,2024-06-27T00:00:00,ZUB,3000,2,USD,NET60,CIF,202.342,5741990.46,2025-01-09T00:00:00,82.795,309028.82,USD,122,5000000079,,,GR Material 79,2024-06-27T00:00:00,2024-09-25T00:00:00,1,,,,196,1,-119.547,2026-05-18T15:22:36
4500000082,10,MAT00000056,1000,V000016,1000000030,,USER003,3,2023-12-31T00:00:00,2023-12-31T00:00:00,ZUB,3000,2,EUR,NET30,FOB,15.878,114341.45,2023-08-10T00:00:00,113.016,140802.41,INR,102,5000000082,,,GR Material 82,2023-12-31T00:00:00,2024-03-30T00:00:00,1,,,,-143,0,97.138,2026-05-18T15:22:36
4500000087,10,MAT00000042,1100,V000040,1000000101,,USER002,2,2023-11-29T00:00:00,2023-11-29T00:00:00,RS,1000,20,INR,1,FOB,59.332,1159330.67,2024-01-04T00:00:00,12.113,56304,EUR,101,5000000087,,,GR Material 87,2023-11-29T00:00:00,2024-02-27T00:00:00,1,,,,36,0,-47.219,2026-05-18T15:22:36
4500000089,10,MAT00000004,2100,V000040,,,,,2023-01-13T00:00:00,2023-01-13T00:00:00,RS,1000,1,EUR,2,EXW,268.872,13290498.91,2025-02-12T00:00:00,49.525,67282.3,INR,101,5000000089,,,GR Material 89,2023-01-13T00:00:00,2023-04-13T00:00:00,1,,,,761,1,-219.347,2026-05-18T15:22:36
4500000118,10,MAT00000026,2000,V000033,,,,,2024-10-20T00:00:00,2024-10-20T00:00:00,FO,3000,3,USD,NET30,FOB,471.891,16835617.46,2023-05-01T00:00:00,123.976,310032.09,USD,122,5000000118,,,GR Material 118,2024-10-20T00:00:00,2025-01-18T00:00:00,1,,,,-538,0,-347.915,2026-05-18T15:22:36
4500000139,10,MAT00000044,1100,V000040,1000000051,,USER013,1,2024-05-29T00:00:00,2024-05-29T00:00:00,ZUB,1000,10,USD,NET30,DAP,485.88,3867507.62,2024-05-23T00:00:00,164.727,332906.14,USD,122,5000000139,,,GR Material 139,2024-05-29T00:00:00,2024-08-27T00:00:00,1,,,,-6,0,-321.153,2026-05-18T15:22:36
4500000159,10,MAT00000025,2100,V000022,1000000094,,USER007,1,2024-09-22T00:00:00,2024-09-22T00:00:00,ZUB,1000,3,INR,2/10NET30,DDP,349.554,12641124.04,2023-05-19T00:00:00,150.812,75776.34,INR,101,5000000159,,,GR Material 159,2024-09-22T00:00:00,2024-12-21T00:00:00,1,,,,-492,0,-198.742,2026-05-18T15:22:36
4500000163,10,MAT00000042,1000,V000028,,,,,2025-10-18T00:00:00,2025-10-18T00:00:00,FO,3000,20,USD,2,FOB,1.619,80150.42,2025-11-04T00:00:00,57.226,156541.39,INR,101,5000000163,,,GR Material 163,2025-10-18T00:00:00,2026-01-16T00:00:00,1,,,,17,0,55.607,2026-05-18T15:22:36
4500000173,10,MAT00000029,3000,V000038,,,,,2023-05-03T00:00:00,2023-05-03T00:00:00,NB,3000,1,USD,1,DAP,171.966,7806307.15,2023-01-03T00:00:00,12.298,41663.78,INR,102,5000000173,,,GR Material 173,2023-05-03T00:00:00,2023-08-01T00:00:00,1,,0,,-120,0,-159.668,2026-05-18T15:22:36
4500000175,10,MAT00000003,2000,V000015,1000000180,,USER014,1,2023-05-26T00:00:00,2023-05-26T00:00:00,ZUB,3000,1,USD,1,DAP,371.596,7018471.14,2023-07-11T00:00:00,70.488,18243.58,INR,101,5000000175,,,GR Material 175,2023-05-26T00:00:00,2023-08-24T00:00:00,1,156,0,,46,0,-301.108,2026-05-18T15:22:36
4500000192,10,MAT00000030,2000,V000040,,,,,2025-10-29T00:00:00,2025-10-29T00:00:00,FO,2000,2,INR,NET30,CIF,125.961,5243874.83,2025-01-09T00:00:00,199.016,193702.64,USD,121,5000000192,,,GR Material 192,2025-10-29T00:00:00,2026-01-27T00:00:00,1,,,,-293,0,73.055,2026-05-18T15:22:36
4500000022,10,MAT00000052,2100,V000015,,,,,2024-06-19T00:00:00,2024-06-19T00:00:00,NB,2000,3,USD,NET30,DDP,423.882,4637040.18,2025-11-19T00:00:00,150.34,557289.98,USD,102,5000000022,,,GR Material 22,2024-06-19T00:00:00,2024-09-17T00:00:00,1,,,,518,1,-273.542,2026-05-18T15:22:36
4500000025,10,MAT00000039,2100,V000001,1000000152,,USER008,10,2024-12-25T00:00:00,2024-12-25T00:00:00,ZUB,2000,3,EUR,NET30,CIF,145.697,251771.7,2024-07-25T00:00:00,129.78,537183.43,INR,101,5000000025,,,GR Material 25,2024-12-25T00:00:00,2025-03-25T00:00:00,1,,,,-153,0,-15.917,2026-05-18T15:22:36
4500000040,10,MAT00000045,1100,V000036,1000000009,,USER004,1,2023-08-26T00:00:00,2023-08-26T00:00:00,RS,1000,10,USD,NET60,FOB,304.9,9962217.23,2024-10-30T00:00:00,71.598,341173.76,USD,122,5000000040,,,GR Material 40,2023-08-26T00:00:00,2023-11-24T00:00:00,1,,,,431,1,-233.302,2026-05-18T15:22:36
4500000041,10,MAT00000011,1000,V000033,1000000061,,USER002,3,2024-06-04T00:00:00,2024-06-04T00:00:00,ZUB,1000,20,INR,NET60,DDP,415.649,15708477.18,2024-01-14T00:00:00,40.948,145945.09,USD,122,5000000041,,,GR Material 41,2024-06-04T00:00:00,2024-09-02T00:00:00,1,,,,-142,0,-374.701,2026-05-18T15:22:36
4500000052,10,MAT00000054,1000,V000015,,,,,2025-05-22T00:00:00,2025-05-22T00:00:00,RS,2000,2,EUR,1,EXW,205.518,8267859.66,2024-11-22T00:00:00,52.941,180678.95,USD,102,5000000052,,,GR Material 52,2025-05-22T00:00:00,2025-08-20T00:00:00,1,,,,-181,0,-152.577,2026-05-18T15:22:36
4500000055,10,MAT00000015,1000,V000016,,,,,2025-01-19T00:00:00,2025-01-19T00:00:00,RS,1000,10,INR,NET30,CIF,262.058,5282612.33,2025-05-17T00:00:00,89.095,308742.19,EUR,101,5000000055,,,GR Material 55,2025-01-19T00:00:00,2025-04-19T00:00:00,1,,,,118,1,-172.963,2026-05-18T15:22:36
4500000059,10,MAT00000005,1100,V000013,,,,,2025-11-03T00:00:00,2025-11-03T00:00:00,RS,2000,20,EUR,2/10NET30,EXW,482.667,5912168.78,2024-09-10T00:00:00,156.046,572098.45,EUR,102,5000000059,,,GR Material 59,2025-11-03T00:00:00,2026-02-01T00:00:00,1,,,,-419,0,-326.621,2026-05-18T15:22:36
4500000070,10,MAT00000055,2000,V000027,,,,,2023-09-24T00:00:00,2023-09-24T00:00:00,FO,2000,3,USD,NET30,DAP,224.863,8427431.25,2023-11-11T00:00:00,142.351,567145.27,EUR,122,5000000070,,,GR Material 70,2023-09-24T00:00:00,2023-12-23T00:00:00,1,,0,,48,0,-82.512,2026-05-18T15:22:36
4500000081,10,MAT00000038,3000,V000001,,,,,2023-06-17T00:00:00,2023-06-17T00:00:00,NB,2000,3,USD,2,EXW,467.05,22701544.39,2025-04-15T00:00:00,145.408,468458.08,USD,122,5000000081,,,GR Material 81,2023-06-17T00:00:00,2023-09-15T00:00:00,1,,0,,668,1,-321.642,2026-05-18T15:22:36
4500000092,10,MAT00000042,2100,V000013,1000000081,,USER004,20,2023-07-15T00:00:00,2023-07-15T00:00:00,RS,3000,10,INR,NET60,FOB,458.022,602949.32,2024-04-12T00:00:00,9.852,42792.71,USD,122,5000000092,,,GR Material 92,2023-07-15T00:00:00,2023-10-13T00:00:00,1,123,0,,272,1,-448.17,2026-05-18T15:22:36
4500000093,10,MAT00000058,2100,V000038,1000000017,,USER010,2,2023-05-30T00:00:00,2023-05-30T00:00:00,NB,3000,3,EUR,NET30,DAP,297.421,8686216,2025-06-17T00:00:00,25.99,91397.67,INR,102,5000000093,,,GR Material 93,2023-05-30T00:00:00,2023-08-28T00:00:00,1,,,,749,1,-271.431,2026-05-18T15:22:36
4500000112,10,MAT00000012,3000,V000014,,,,,2023-10-30T00:00:00,2023-10-30T00:00:00,RS,3000,20,USD,NET60,CIF,177.675,8589845.35,2023-08-28T00:00:00,137.872,222827.87,USD,102,5000000112,,,GR Material 112,2023-10-30T00:00:00,2024-01-28T00:00:00,1,,0,,-63,0,-39.803,2026-05-18T15:22:36
4500000124,10,MAT00000002,1100,V000018,1000000170,,USER014,3,2024-11-28T00:00:00,2024-11-28T00:00:00,FO,3000,20,USD,NET60,DDP,490.707,15979024.53,2025-08-19T00:00:00,139.306,192545.24,INR,121,5000000124,,,GR Material 124,2024-11-28T00:00:00,2025-02-26T00:00:00,1,,,,264,1,-351.401,2026-05-18T15:22:36
4500000147,10,MAT00000047,2000,V000019,1000000085,,USER018,3,2025-02-03T00:00:00,2025-02-03T00:00:00,RS,1000,1,EUR,2/10NET30,FOB,213.415,5997439.55,2024-04-15T00:00:00,198.758,991990.39,USD,102,5000000147,,,GR Material 147,2025-02-03T00:00:00,2025-05-04T00:00:00,1,,,,-294,0,-14.657,2026-05-18T15:22:36
4500000158,10,MAT00000013,2100,V000016,,,,,2025-10-19T00:00:00,2025-10-19T00:00:00,ZUB,2000,20,USD,1,DDP,430.627,14251945.07,2023-11-30T00:00:00,165.516,670083.64,EUR,122,5000000158,,,GR Material 158,2025-10-19T00:00:00,2026-01-17T00:00:00,1,,1,,-689,0,-265.111,2026-05-18T15:22:36
4500000174,10,MAT00000025,2000,V000013,,,,,2023-01-04T00:00:00,2023-01-04T00:00:00,NB,2000,20,EUR,NET30,FOB,306.724,8488494.68,2025-11-05T00:00:00,81.499,315491.5,INR,101,5000000174,,,GR Material 174,2023-01-04T00:00:00,2023-04-04T00:00:00,1,,,,1036,1,-225.225,2026-05-18T15:22:36
4500000177,10,MAT00000017,2000,V000004,,,,,2023-12-05T00:00:00,2023-12-05T00:00:00,ZUB,3000,1,INR,NET60,DAP,220.705,2618046.85,2023-08-01T00:00:00,80.735,381498.63,USD,102,5000000177,,,GR Material 177,2023-12-05T00:00:00,2024-03-04T00:00:00,1,,,,-126,0,-139.97,2026-05-18T15:22:36
4500000182,10,MAT00000003,1100,V000036,1000000127,,USER008,20,2025-01-01T00:00:00,2025-01-01T00:00:00,NB,2000,1,EUR,NET30,DAP,389.303,5871541.81,2025-03-10T00:00:00,53.538,202945.32,USD,101,5000000182,,,GR Material 182,2025-01-01T00:00:00,2025-04-01T00:00:00,1,,,,68,0,-335.765,2026-05-18T15:22:36
4500000193,10,MAT00000004,2000,V000001,1000000190,,USER007,10,2023-07-18T00:00:00,2023-07-18T00:00:00,NB,3000,10,EUR,2/10NET30,DAP,330.537,5379496.29,2023-08-27T00:00:00,4.107,18964.67,INR,101,5000000193,,,GR Material 193,2023-07-18T00:00:00,2023-10-16T00:00:00,1,,,,40,0,-326.43,2026-05-18T15:22:36
4500000012,10,MAT00000029,3000,V000036,,,,,2023-12-19T00:00:00,2023-12-19T00:00:00,ZUB,2000,20,INR,NET60,CIF,343.422,8768250.5,2024-06-10T00:00:00,171.096,827628.59,EUR,121,5000000012,,,GR Material 12,2023-12-19T00:00:00,2024-03-18T00:00:00,1,,,,174,1,-172.326,2026-05-18T15:22:36
4500000017,10,MAT00000032,1000,V000001,,,,,2023-06-16T00:00:00,2023-06-16T00:00:00,NB,2000,10,INR,NET30,EXW,338.957,10583190.01,2024-12-27T00:00:00,162.8,740231.1,INR,101,5000000017,,,GR Material 17,2023-06-16T00:00:00,2023-09-14T00:00:00,1,,,,560,1,-176.157,2026-05-18T15:22:36
4500000036,10,MAT00000033,2000,V000015,1000000021,,USER008,2,2023-07-23T00:00:00,2023-07-23T00:00:00,FO,2000,1,USD,NET30,DAP,393.427,6073942.41,2024-02-26T00:00:00,195.572,31589.44,INR,122,5000000036,,,GR Material 36,2023-07-23T00:00:00,2023-10-21T00:00:00,1,-118,1,,218,1,-197.855,2026-05-18T15:22:36
4500000042,10,MAT00000027,2100,V000002,,,,,2023-10-09T00:00:00,2023-10-09T00:00:00,FO,2000,10,INR,2/10NET30,FOB,124.632,3603633.33,2025-09-16T00:00:00,59.405,14971.95,INR,102,5000000042,,,GR Material 42,2023-10-09T00:00:00,2024-01-07T00:00:00,1,,,,708,1,-65.227,2026-05-18T15:22:36
4500000049,10,MAT00000027,2000,V000024,,,,,2024-02-26T00:00:00,2024-02-26T00:00:00,ZUB,3000,3,INR,2/10NET30,FOB,343.31,1663508.6,2023-09-05T00:00:00,74.965,107876.89,EUR,102,5000000049,,,GR Material 49,2024-02-26T00:00:00,2024-05-26T00:00:00,1,,1,,-174,0,-268.345,2026-05-18T15:22:36
4500000064,10,MAT00000060,1000,V000026,,,,,2024-06-26T00:00:00,2024-06-26T00:00:00,FO,3000,1,EUR,2,FOB,295.765,10950007.03,2024-02-09T00:00:00,84.95,331184.24,USD,102,5000000064,,,GR Material 64,2024-06-26T00:00:00,2024-09-24T00:00:00,1,,,,-138,0,-210.815,2026-05-18T15:22:36
4500000085,10,MAT00000017,1100,V000029,1000000088,,USER019,1,2024-06-24T00:00:00,2024-06-24T00:00:00,RS,3000,1,EUR,2/10NET30,EXW,89.297,1192352.48,2025-01-21T00:00:00,151.945,564907.8,USD,101,5000000085,,,GR Material 85,2024-06-24T00:00:00,2024-09-22T00:00:00,1,,,,211,1,62.648,2026-05-18T15:22:36
4500000091,10,MAT00000001,2100,V000017,,,,,2024-09-22T00:00:00,2024-09-22T00:00:00,NB,2000,1,USD,NET30,DDP,27.198,701658.9,2023-01-08T00:00:00,188.596,450136.44,INR,102,5000000091,,,GR Material 91,2024-09-22T00:00:00,2024-12-21T00:00:00,1,,,,-623,0,161.398,2026-05-18T15:22:36
4500000114,10,MAT00000052,1000,V000037,,,,,2023-05-08T00:00:00,2023-05-08T00:00:00,RS,3000,10,USD,NET60,CIF,267.436,10134291.99,2023-09-21T00:00:00,83.672,305879.74,EUR,101,5000000114,,,GR Material 114,2023-05-08T00:00:00,2023-08-06T00:00:00,1,,,,136,1,-183.764,2026-05-18T15:22:36
4500000122,10,MAT00000028,2100,V000026,,,,,2023-08-24T00:00:00,2023-08-24T00:00:00,ZUB,3000,1,EUR,NET60,DDP,63.719,2979706.89,2023-12-15T00:00:00,119.177,511332.86,EUR,122,5000000122,,,GR Material 122,2023-08-24T00:00:00,2023-11-22T00:00:00,1,,,,113,1,55.458,2026-05-18T15:22:36
4500000123,10,MAT00000021,1000,V000011,,,,,2025-02-24T00:00:00,2025-02-24T00:00:00,FO,2000,10,EUR,NET60,CIF,424.784,11118670.23,2023-02-11T00:00:00,155.151,33435.3,INR,122,5000000123,,,GR Material 123,2025-02-24T00:00:00,2025-05-25T00:00:00,1,,,,-744,0,-269.633,2026-05-18T15:22:36
4500000151,10,MAT00000017,2100,V000006,,,,,2025-02-15T00:00:00,2025-02-15T00:00:00,FO,3000,20,INR,2/10NET30,CIF,82.219,3216937.59,2024-09-26T00:00:00,98.013,181848.95,USD,102,5000000151,,,GR Material 151,2025-02-15T00:00:00,2025-05-16T00:00:00,1,,,,-142,0,15.794,2026-05-18T15:22:36
4500000167,10,MAT00000049,1000,V000032,,,,,2023-06-20T00:00:00,2023-06-20T00:00:00,RS,2000,1,INR,1,CIF,149.87,2074272.74,2025-06-01T00:00:00,69.41,96032.87,INR,122,5000000167,,,GR Material 167,2023-06-20T00:00:00,2023-09-18T00:00:00,1,,,,712,1,-80.46,2026-05-18T15:22:36
4500000168,10,MAT00000051,2100,V000015,,,,,2025-12-18T00:00:00,2025-12-18T00:00:00,NB,1000,1,INR,NET60,DDP,292.493,13908805.56,2023-08-30T00:00:00,105.787,153473.66,EUR,122,5000000168,,,GR Material 168,2025-12-18T00:00:00,2026-03-18T00:00:00,1,,,,-841,0,-186.706,2026-05-18T15:22:36
4500000184,10,MAT00000017,1100,V000008,1000000088,,USER019,1,2023-07-29T00:00:00,2023-07-29T00:00:00,ZUB,1000,1,USD,2/10NET30,CIF,285.272,9658921.95,2025-09-27T00:00:00,15.446,38792.92,USD,121,5000000184,,,GR Material 184,2023-07-29T00:00:00,2023-10-27T00:00:00,1,-300,0,,791,1,-269.826,2026-05-18T15:22:36
4500000185,10,MAT00000011,2100,V000035,1000000069,,USER003,20,2023-02-14T00:00:00,2023-02-14T00:00:00,NB,1000,10,INR,2,DAP,63.645,938723.02,2025-09-09T00:00:00,140.746,603092.22,USD,121,5000000185,,,GR Material 185,2023-02-14T00:00:00,2023-05-15T00:00:00,1,,,,938,1,77.101,2026-05-18T15:22:36
4500000187,10,MAT00000040,1100,V000028,1000000183,,USER006,2,2023-11-21T00:00:00,2023-11-21T00:00:00,FO,2000,10,INR,NET60,DDP,449.605,3895620.51,2024-02-29T00:00:00,10.535,26423.7,USD,101,5000000187,,,GR Material 187,2023-11-21T00:00:00,2024-02-19T00:00:00,1,,,,100,1,-439.07,2026-05-18T15:22:36
4500000190,10,MAT00000018,3000,V000014,,,,,2024-05-02T00:00:00,2024-05-02T00:00:00,FO,3000,10,EUR,2/10NET30,EXW,46.386,408415.74,2024-05-02T00:00:00,157.756,232440.96,EUR,102,5000000190,,,GR Material 190,2024-05-02T00:00:00,2024-07-31T00:00:00,1,,,,0,0,111.37,2026-05-18T15:22:36
4500000001,10,MAT00000001,2000,V000001,,,,,2025-02-28T00:00:00,2025-02-28T00:00:00,RS,2000,2,USD,1,EXW,278.847,3875730.7,2023-03-26T00:00:00,59.235,261515.68,INR,122,5000000001,,,GR Material 1,2025-02-28T00:00:00,2025-05-29T00:00:00,1,,,,-705,0,-219.612,2026-05-18T15:22:36
4500000037,10,MAT00000036,1100,V000035,,,,,2025-02-15T00:00:00,2025-02-15T00:00:00,FO,3000,1,INR,NET60,EXW,93.972,2468215.93,2023-05-26T00:00:00,31.97,20345.95,INR,121,5000000037,,,GR Material 37,2025-02-15T00:00:00,2025-05-16T00:00:00,1,,0,,-631,0,-62.002,2026-05-18T15:22:36
4500000071,10,MAT00000031,3000,V000008,,,,,2024-11-27T00:00:00,2024-11-27T00:00:00,RS,3000,2,USD,2,FOB,82.81,1728970.94,2025-11-30T00:00:00,108.453,388096.54,USD,121,5000000071,,,GR Material 71,2024-11-27T00:00:00,2025-02-25T00:00:00,1,,1,,368,1,25.643,2026-05-18T15:22:36
4500000086,10,MAT00000060,2000,V000024,,,,,2024-10-12T00:00:00,2024-10-12T00:00:00,NB,2000,10,USD,NET60,DAP,228.022,4503541.67,2024-11-22T00:00:00,120.332,273334.58,INR,102,5000000086,,,GR Material 86,2024-10-12T00:00:00,2025-01-10T00:00:00,1,,1,,41,0,-107.69,2026-05-18T15:22:36
4500000117,10,MAT00000004,2000,V000018,1000000190,,USER007,10,2025-07-05T00:00:00,2025-07-05T00:00:00,ZUB,1000,20,EUR,2/10NET30,DAP,74.262,497755.91,2023-06-09T00:00:00,47.516,103769.71,INR,122,5000000117,,,GR Material 117,2025-07-05T00:00:00,2025-10-03T00:00:00,1,,,,-757,0,-26.746,2026-05-18T15:22:36
4500000140,10,MAT00000043,1100,V000040,,,,,2023-09-21T00:00:00,2023-09-21T00:00:00,ZUB,2000,1,INR,1,FOB,38.197,1414583.88,2024-01-29T00:00:00,99.606,418363.08,INR,122,5000000140,,,GR Material 140,2023-09-21T00:00:00,2023-12-20T00:00:00,1,,,,130,1,61.409,2026-05-18T15:22:36
4500000145,10,MAT00000014,2100,V000008,,,,,2024-07-01T00:00:00,2024-07-01T00:00:00,ZUB,2000,20,USD,2,DDP,460.19,2151549.32,2023-08-20T00:00:00,92.612,151768.14,INR,122,5000000145,,,GR Material 145,2024-07-01T00:00:00,2024-09-29T00:00:00,1,,,,-316,0,-367.578,2026-05-18T15:22:36
4500000146,10,MAT00000022,1100,V000031,,,,,2025-09-05T00:00:00,2025-09-05T00:00:00,NB,2000,2,INR,NET60,DDP,455.288,1308438.52,2024-03-14T00:00:00,143.335,68025.09,EUR,102,5000000146,,,GR Material 146,2025-09-05T00:00:00,2025-12-04T00:00:00,1,,,,-540,0,-311.953,2026-05-18T15:22:36
4500000148,10,MAT00000059,1000,V000018,,,,,2023-09-19T00:00:00,2023-09-19T00:00:00,FO,3000,2,INR,2,FOB,337.714,5979158.83,2023-03-30T00:00:00,80.668,196455.87,INR,102,5000000148,,,GR Material 148,2023-09-19T00:00:00,2023-12-18T00:00:00,1,,0,,-173,0,-257.046,2026-05-18T15:22:36
4500000150,10,MAT00000031,2000,V000036,,,,,2023-10-30T00:00:00,2023-10-30T00:00:00,NB,3000,2,EUR,1,DDP,215.872,1113200.09,2024-04-16T00:00:00,34.69,162646.13,INR,102,5000000150,,,GR Material 150,2023-10-30T00:00:00,2024-01-28T00:00:00,1,,,,169,1,-181.182,2026-05-18T15:22:36
4500000162,10,MAT00000052,1100,V000030,1000000103,,USER004,20,2024-02-26T00:00:00,2024-02-26T00:00:00,NB,3000,1,EUR,1,EXW,214.259,8929095.99,2024-05-23T00:00:00,49.788,72505.83,INR,122,5000000162,,,GR Material 162,2024-02-26T00:00:00,2024-05-26T00:00:00,1,,,,87,0,-164.471,2026-05-18T15:22:36
4500000164,10,MAT00000011,2000,V000026,,,,,2024-07-06T00:00:00,2024-07-06T00:00:00,RS,1000,10,USD,NET30,DDP,491.073,10167347.27,2023-07-22T00:00:00,159.764,119466.91,EUR,121,5000000164,,,GR Material 164,2024-07-06T00:00:00,2024-10-04T00:00:00,1,,,,-350,0,-331.309,2026-05-18T15:22:36
4500000166,10,MAT00000035,1100,V000016,,,,,2024-11-10T00:00:00,2024-11-10T00:00:00,ZUB,1000,20,INR,NET30,EXW,278.894,5577246.91,2023-04-17T00:00:00,118.538,502306.34,EUR,121,5000000166,,,GR Material 166,2024-11-10T00:00:00,2025-02-08T00:00:00,1,,,,-573,0,-160.356,2026-05-18T15:22:36
4500000176,10,MAT00000017,3000,V000025,1000000033,,USER011,3,2025-11-25T00:00:00,2025-11-25T00:00:00,RS,2000,20,EUR,2,DDP,125.092,1053772.51,2023-06-03T00:00:00,40.104,6388.1,INR,122,5000000176,,,GR Material 176,2025-11-25T00:00:00,2026-02-23T00:00:00,1,,,,-906,0,-84.988,2026-05-18T15:22:36
4500000188,10,MAT00000054,2000,V000024,,,,,2023-07-12T00:00:00,2023-07-12T00:00:00,FO,2000,10,USD,2,EXW,467.998,15268107.15,2023-06-26T00:00:00,90.999,295919.73,INR,121,5000000188,,,GR Material 188,2023-07-12T00:00:00,2023-10-10T00:00:00,1,,1,,-16,0,-376.999,2026-05-18T15:22:36
4500000195,10,MAT00000004,3000,V000037,1000000004,,USER018,10,2023-08-25T00:00:00,2023-08-25T00:00:00,NB,2000,2,USD,NET30,FOB,237.358,854586.12,2024-10-24T00:00:00,181.071,433784.32,EUR,101,5000000195,,,GR Material 195,2023-08-25T00:00:00,2023-11-23T00:00:00,1,,,,426,1,-56.287,2026-05-18T15:22:36
4500000196,10,MAT00000046,2000,V000029,1000000186,,USER007,10,2025-01-18T00:00:00,2025-01-18T00:00:00,ZUB,1000,1,USD,2,CIF,350.061,8715727.76,2024-01-31T00:00:00,82.772,128615.9,INR,121,5000000196,,,GR Material 196,2025-01-18T00:00:00,2025-04-18T00:00:00,1,,,,-353,0,-267.289,2026-05-18T15:22:36
4500000004,10,MAT00000042,2100,V000016,1000000081,,USER004,20,2024-12-17T00:00:00,2024-12-17T00:00:00,FO,3000,20,EUR,NET30,EXW,92.183,2760435.61,2025-05-19T00:00:00,151.923,587467.46,USD,102,5000000004,,,GR Material 4,2024-12-17T00:00:00,2025-03-17T00:00:00,1,,,,153,1,59.74,2026-05-18T15:22:36
4500000016,10,MAT00000009,3000,V000013,1000000110,,USER015,10,2025-12-19T00:00:00,2025-12-19T00:00:00,ZUB,1000,10,EUR,NET30,DAP,271.043,3434930.65,2024-07-21T00:00:00,156.069,311689.89,USD,122,5000000016,,,GR Material 16,2025-12-19T00:00:00,2026-03-19T00:00:00,1,,,,-516,0,-114.974,2026-05-18T15:22:36
4500000018,10,MAT00000002,1100,V000008,1000000170,,USER014,3,2023-12-16T00:00:00,2023-12-16T00:00:00,RS,2000,10,USD,2/10NET30,EXW,72.608,2775310.11,2024-12-16T00:00:00,33.68,68998.61,INR,122,5000000018,,,GR Material 18,2023-12-16T00:00:00,2024-03-15T00:00:00,1,-504,0,,366,1,-38.928,2026-05-18T15:22:36
4500000034,10,MAT00000012,1100,V000039,1000000133,,USER001,10,2023-12-06T00:00:00,2023-12-06T00:00:00,RS,2000,1,USD,1,CIF,183.038,5323976.89,2023-12-06T00:00:00,26.168,125726.58,EUR,121,5000000034,,,GR Material 34,2023-12-06T00:00:00,2024-03-05T00:00:00,1,,,,0,0,-156.87,2026-05-18T15:22:36
4500000061,10,MAT00000034,3000,V000035,1000000008,,USER002,3,2023-06-22T00:00:00,2023-06-22T00:00:00,ZUB,2000,2,USD,NET30,DDP,235.238,6840793.96,2023-08-10T00:00:00,39.013,11923.01,EUR,122,5000000061,,,GR Material 61,2023-06-22T00:00:00,2023-09-20T00:00:00,1,,,,49,0,-196.225,2026-05-18T15:22:36
4500000101,10,MAT00000007,3000,V000025,,,,,2024-08-19T00:00:00,2024-08-19T00:00:00,FO,1000,10,USD,1,FOB,403.9,17965338.71,2025-06-19T00:00:00,156.704,278169.11,EUR,121,5000000101,,,GR Material 101,2024-08-19T00:00:00,2024-11-17T00:00:00,1,,,,304,1,-247.196,2026-05-18T15:22:36
4500000111,10,MAT00000008,1100,V000010,1000000188,,USER001,2,2023-03-13T00:00:00,2023-03-13T00:00:00,FO,3000,10,INR,2/10NET30,FOB,483.604,4234011.05,2025-08-18T00:00:00,117.65,350443.96,INR,101,5000000111,,,GR Material 111,2023-03-13T00:00:00,2023-06-11T00:00:00,1,,,,889,1,-365.954,2026-05-18T15:22:36
4500000119,10,MAT00000035,2100,V000001,,,,,2023-02-28T00:00:00,2023-02-28T00:00:00,RS,1000,20,EUR,2/10NET30,CIF,64.336,2756320.23,2023-08-31T00:00:00,112.147,23515.13,EUR,101,5000000119,,,GR Material 119,2023-02-28T00:00:00,2023-05-29T00:00:00,1,,0,,184,1,47.811,2026-05-18T15:22:36
4500000127,10,MAT00000027,1000,V000035,1000000160,,USER003,2,2023-12-01T00:00:00,2023-12-01T00:00:00,FO,1000,10,EUR,2,CIF,101.499,351088.09,2023-08-16T00:00:00,130.096,443704.51,INR,122,5000000127,,,GR Material 127,2023-12-01T00:00:00,2024-02-29T00:00:00,1,-338,1,,-107,0,28.597,2026-05-18T15:22:36
4500000128,10,MAT00000051,2100,V000016,,,,,2023-11-09T00:00:00,2023-11-09T00:00:00,FO,2000,3,INR,2,EXW,475.927,23686153.86,2024-06-20T00:00:00,192.537,828439.35,USD,101,5000000128,,,GR Material 128,2023-11-09T00:00:00,2024-02-07T00:00:00,1,,,,224,1,-283.39,2026-05-18T15:22:36
4500000130,10,MAT00000004,2100,V000007,,,,,2025-02-22T00:00:00,2025-02-22T00:00:00,NB,3000,10,USD,2/10NET30,FOB,7.122,89397.41,2025-11-27T00:00:00,182.036,565656.95,USD,101,5000000130,,,GR Material 130,2025-02-22T00:00:00,2025-05-23T00:00:00,1,,,,278,1,174.914,2026-05-18T15:22:36
4500000134,10,MAT00000047,3000,V000007,1000000143,,USER017,1,2024-08-19T00:00:00,2024-08-19T00:00:00,ZUB,1000,20,EUR,NET30,DAP,199.119,799124.28,2023-02-10T00:00:00,100.713,237408.46,EUR,102,5000000134,,,GR Material 134,2024-08-19T00:00:00,2024-11-17T00:00:00,1,,,,-556,0,-98.406,2026-05-18T15:22:36
4500000165,10,MAT00000047,2100,V000031,1000000063,,USER010,3,2023-12-16T00:00:00,2023-12-16T00:00:00,RS,2000,3,USD,1,DDP,236.71,2577168.29,2024-07-23T00:00:00,102.135,390863.8,USD,102,5000000165,,,GR Material 165,2023-12-16T00:00:00,2024-03-15T00:00:00,1,,,,220,1,-134.575,2026-05-18T15:22:36
4500000200,10,MAT00000041,1000,V000017,,,,,2024-12-16T00:00:00,2024-12-16T00:00:00,FO,1000,1,INR,2/10NET30,DDP,206.062,7883985.7,2024-03-04T00:00:00,134.61,296754.44,INR,101,5000000200,,,GR Material 200,2024-12-16T00:00:00,2025-03-16T00:00:00,1,,0,,-287,0,-71.452,2026-05-18T15:22:36
4500000011,10,MAT00000028,2000,V000038,,,,,2023-10-07T00:00:00,2023-10-07T00:00:00,ZUB,1000,20,USD,2/10NET30,DAP,304.589,1664825.6,2023-05-04T00:00:00,177.71,58337.25,EUR,121,5000000011,,,GR Material 11,2023-10-07T00:00:00,2024-01-05T00:00:00,1,,,,-156,0,-126.879,2026-05-18T15:22:36
4500000019,10,MAT00000013,2100,V000010,,,,,2025-01-24T00:00:00,2025-01-24T00:00:00,NB,2000,1,USD,2,CIF,202.355,6106533.61,2023-05-17T00:00:00,29.676,48458.29,USD,102,5000000019,,,GR Material 19,2025-01-24T00:00:00,2025-04-24T00:00:00,1,,,,-618,0,-172.679,2026-05-18T15:22:36
4500000028,10,MAT00000003,1000,V000003,,,,,2023-04-14T00:00:00,2023-04-14T00:00:00,RS,2000,2,INR,2,DAP,474.168,17299194.43,2025-11-22T00:00:00,90.148,400080.53,EUR,122,5000000028,,,GR Material 28,2023-04-14T00:00:00,2023-07-13T00:00:00,1,,,,953,1,-384.02,2026-05-18T15:22:36
4500000043,10,MAT00000006,1000,V000032,,,,,2025-02-11T00:00:00,2025-02-11T00:00:00,ZUB,1000,1,INR,NET60,FOB,356.762,15683014.92,2023-01-27T00:00:00,8.378,29739.38,INR,102,5000000043,,,GR Material 43,2025-02-11T00:00:00,2025-05-12T00:00:00,1,,0,,-746,0,-348.384,2026-05-18T15:22:36
4500000054,10,MAT00000017,2100,V000037,,,,,2024-04-19T00:00:00,2024-04-19T00:00:00,NB,3000,3,INR,NET30,EXW,220.893,8712046.43,2023-12-01T00:00:00,183.66,60815.51,EUR,122,5000000054,,,GR Material 54,2024-04-19T00:00:00,2024-07-18T00:00:00,1,,0,,-140,0,-37.233,2026-05-18T15:22:36
4500000065,10,MAT00000052,3000,V000012,,,,,2025-01-28T00:00:00,2025-01-28T00:00:00,RS,1000,1,EUR,NET30,FOB,282.041,3171215.42,2025-11-29T00:00:00,180.229,788725.03,USD,102,5000000065,,,GR Material 65,2025-01-28T00:00:00,2025-04-28T00:00:00,1,,,,305,1,-101.812,2026-05-18T15:22:36
4500000066,10,MAT00000034,2000,V000005,1000000148,,USER014,10,2025-03-03T00:00:00,2025-03-03T00:00:00,RS,2000,3,USD,2,FOB,265.53,7085240.55,2025-04-07T00:00:00,27.662,111910.36,INR,121,5000000066,,,GR Material 66,2025-03-03T00:00:00,2025-06-01T00:00:00,1,-326,1,,35,0,-237.868,2026-05-18T15:22:36
4500000088,10,MAT00000050,2100,V000016,1000000199,,USER014,20,2024-06-19T00:00:00,2024-06-19T00:00:00,FO,1000,10,INR,NET60,DAP,393.721,2596865.6,2023-06-10T00:00:00,13.508,19655.34,INR,101,5000000088,,,GR Material 88,2024-06-19T00:00:00,2024-09-17T00:00:00,1,,,,-375,0,-380.213,2026-05-18T15:22:36
4500000100,10,MAT00000040,2000,V000035,1000000173,,USER010,2,2025-02-06T00:00:00,2025-02-06T00:00:00,RS,2000,2,EUR,NET30,EXW,163.754,6833230.08,2025-10-03T00:00:00,171.796,298539.15,INR,101,5000000100,,,GR Material 100,2025-02-06T00:00:00,2025-05-07T00:00:00,1,,,,239,1,8.042,2026-05-18T15:22:36
4500000103,10,MAT00000054,2100,V000023,1000000014,,USER006,2,2024-08-30T00:00:00,2024-08-30T00:00:00,FO,2000,3,INR,NET60,CIF,229.628,709624,2023-03-16T00:00:00,53.98,236728.43,EUR,121,5000000103,,,GR Material 103,2024-08-30T00:00:00,2024-11-28T00:00:00,1,,,,-533,0,-175.648,2026-05-18T15:22:36
4500000154,10,MAT00000035,1100,V000004,,,,,2023-09-13T00:00:00,2023-09-13T00:00:00,ZUB,3000,10,INR,NET30,FOB,454.801,6921598.23,2024-01-20T00:00:00,189.9,482829.35,INR,102,5000000154,,,GR Material 154,2023-09-13T00:00:00,2023-12-12T00:00:00,1,,,,129,1,-264.901,2026-05-18T15:22:36
4500000170,10,MAT00000036,1000,V000016,,,,,2023-04-25T00:00:00,2023-04-25T00:00:00,RS,3000,3,EUR,1,CIF,130.628,6529797.19,2024-08-13T00:00:00,156.579,743616,USD,122,5000000170,,,GR Material 170,2023-04-25T00:00:00,2023-07-24T00:00:00,1,,,,476,1,25.951,2026-05-18T15:22:36
4500000191,10,MAT00000010,3000,V000019,,,,,2025-11-11T00:00:00,2025-11-11T00:00:00,ZUB,1000,1,EUR,NET30,EXW,52.049,2579363.67,2023-08-15T00:00:00,112.073,254365.09,INR,122,5000000191,,,GR Material 191,2025-11-11T00:00:00,2026-02-09T00:00:00,1,,1,,-819,0,60.024,2026-05-18T15:22:36
4500000003,10,MAT00000056,2100,V000001,,,,,2025-09-22T00:00:00,2025-09-22T00:00:00,ZUB,1000,10,USD,2/10NET30,FOB,78.427,3395739.3,2024-06-29T00:00:00,105.099,168527.47,USD,122,5000000003,,,GR Material 3,2025-09-22T00:00:00,2025-12-21T00:00:00,1,,1,,-450,0,26.672,2026-05-18T15:22:36
4500000027,10,MAT00000059,3000,V000012,,,,,2025-08-08T00:00:00,2025-08-08T00:00:00,FO,2000,1,USD,NET30,FOB,213.84,9089679.77,2025-03-23T00:00:00,34.1,62112.43,INR,122,5000000027,,,GR Material 27,2025-08-08T00:00:00,2025-11-06T00:00:00,1,,1,,-138,0,-179.74,2026-05-18T15:22:36
4500000069,10,MAT00000033,2100,V000030,1000000165,,USER020,10,2024-07-17T00:00:00,2024-07-17T00:00:00,ZUB,1000,1,INR,1,DAP,238.532,576784.69,2023-02-14T00:00:00,57.845,252259.25,INR,101,5000000069,,,GR Material 69,2024-07-17T00:00:00,2024-10-15T00:00:00,1,,,,-519,0,-180.687,2026-05-18T15:22:36
4500000076,10,MAT00000012,2100,V000034,1000000091,,USER003,2,2025-07-22T00:00:00,2025-07-22T00:00:00,ZUB,2000,2,INR,NET30,CIF,241.721,2175694.46,2024-12-04T00:00:00,50.666,233160.23,USD,102,5000000076,,,GR Material 76,2025-07-22T00:00:00,2025-10-20T00:00:00,1,,,,-230,0,-191.055,2026-05-18T15:22:36
4500000096,10,MAT00000041,1100,V000024,1000000176,,USER016,2,2023-03-19T00:00:00,2023-03-19T00:00:00,FO,1000,2,INR,2,DAP,263.189,2039835.82,2024-03-29T00:00:00,148.621,286283.29,EUR,101,5000000096,,,GR Material 96,2023-03-19T00:00:00,2023-06-17T00:00:00,1,,,,376,1,-114.568,2026-05-18T15:22:36
4500000106,10,MAT00000009,1100,V000010,1000000112,,USER017,2,2024-05-11T00:00:00,2024-05-11T00:00:00,ZUB,1000,10,USD,NET60,EXW,162.279,2048907.07,2025-08-13T00:00:00,157.787,491202.3,USD,102,5000000106,,,GR Material 106,2024-05-11T00:00:00,2024-08-09T00:00:00,1,,,,459,1,-4.492,2026-05-18T15:22:36
4500000108,10,MAT00000018,1100,V000031,1000000185,,USER008,10,2024-08-13T00:00:00,2024-08-13T00:00:00,NB,2000,3,USD,NET60,FOB,181.138,6312095.96,2024-01-08T00:00:00,40.83,47922.43,INR,121,5000000108,,,GR Material 108,2024-08-13T00:00:00,2024-11-11T00:00:00,1,,,,-218,0,-140.308,2026-05-18T15:22:36
4500000109,10,MAT00000035,2000,V000025,1000000036,,USER005,1,2024-05-18T00:00:00,2024-05-18T00:00:00,FO,2000,20,INR,2/10NET30,DDP,368.045,4753956.3,2023-01-12T00:00:00,146.236,244590.78,USD,121,5000000109,,,GR Material 109,2024-05-18T00:00:00,2024-08-16T00:00:00,1,,,,-492,0,-221.809,2026-05-18T15:22:36
4500000125,10,MAT00000040,3000,V000011,,,,,2025-02-05T00:00:00,2025-02-05T00:00:00,NB,3000,10,EUR,NET60,FOB,17.336,375400.68,2023-06-26T00:00:00,130.203,650920.15,INR,102,5000000125,,,GR Material 125,2025-02-05T00:00:00,2025-05-06T00:00:00,1,,,,-590,0,112.867,2026-05-18T15:22:36
4500000135,10,MAT00000003,1000,V000016,,,,,2023-06-28T00:00:00,2023-06-28T00:00:00,FO,2000,2,EUR,2/10NET30,DAP,184.819,4191269.84,2024-07-03T00:00:00,47.304,177123.2,INR,122,5000000135,,,GR Material 135,2023-06-28T00:00:00,2023-09-26T00:00:00,1,,,,371,1,-137.515,2026-05-18T15:22:36
4500000144,10,MAT00000024,3000,V000034,,,,,2025-09-17T00:00:00,2025-09-17T00:00:00,ZUB,3000,1,USD,NET60,CIF,147.778,3808802.09,2023-04-25T00:00:00,110.322,247164.44,EUR,121,5000000144,,,GR Material 144,2025-09-17T00:00:00,2025-12-16T00:00:00,1,,,,-876,0,-37.456,2026-05-18T15:22:36
4500000149,10,MAT00000005,2000,V000011,1000000157,,USER002,10,2023-11-22T00:00:00,2023-11-22T00:00:00,ZUB,3000,10,INR,1,CIF,162.902,460245.39,2023-09-02T00:00:00,102.064,339065.77,USD,122,5000000149,,,GR Material 149,2023-11-22T00:00:00,2024-02-20T00:00:00,1,-6,1,,-81,0,-60.838,2026-05-18T15:22:36
4500000155,10,MAT00000055,2100,V000013,,,,,2025-04-18T00:00:00,2025-04-18T00:00:00,FO,2000,3,USD,NET60,CIF,73.865,311899.39,2025-09-11T00:00:00,194.652,355435.91,EUR,122,5000000155,,,GR Material 155,2025-04-18T00:00:00,2025-07-17T00:00:00,1,,,,146,1,120.787,2026-05-18T15:22:36
4500000157,10,MAT00000008,3000,V000032,,,,,2024-03-14T00:00:00,2024-03-14T00:00:00,NB,1000,1,INR,2/10NET30,DAP,50.97,1876258.2,2024-11-18T00:00:00,74.907,9822.66,USD,101,5000000157,,,GR Material 157,2024-03-14T00:00:00,2024-06-12T00:00:00,1,,0,,249,1,23.937,2026-05-18T15:22:36
4500000172,10,MAT00000047,1100,V000034,1000000163,,USER007,20,2025-02-20T00:00:00,2025-02-20T00:00:00,NB,1000,20,INR,NET30,DAP,216.423,3005531.13,2023-12-20T00:00:00,9.869,9325.55,USD,102,5000000172,,,GR Material 172,2025-02-20T00:00:00,2025-05-21T00:00:00,1,,,,-428,0,-206.554,2026-05-18T15:22:36
4500000180,10,MAT00000013,2100,V000031,,,,,2024-02-21T00:00:00,2024-02-21T00:00:00,NB,1000,10,USD,NET60,DDP,449.458,20814701.12,2023-09-09T00:00:00,95.284,83570.74,USD,102,5000000180,,,GR Material 180,2024-02-21T00:00:00,2024-05-21T00:00:00,1,,,,-165,0,-354.174,2026-05-18T15:22:36
4500000186,10,MAT00000044,1100,V000036,1000000051,,USER013,1,2025-07-01T00:00:00,2025-07-01T00:00:00,RS,3000,1,USD,NET60,DDP,423.975,20344393.74,2025-11-08T00:00:00,107.7,513695.53,INR,101,5000000186,,,GR Material 186,2025-07-01T00:00:00,2025-09-29T00:00:00,1,,,,130,1,-316.275,2026-05-18T15:22:36
4500000189,10,MAT00000028,1100,V000036,,,,,2023-10-31T00:00:00,2023-10-31T00:00:00,FO,1000,3,INR,1,EXW,397.194,10824207.76,2025-03-19T00:00:00,69.369,91229.39,EUR,101,5000000189,,,GR Material 189,2023-10-31T00:00:00,2024-01-29T00:00:00,1,,,,505,1,-327.825,2026-05-18T15:22:36
4500000194,10,MAT00000010,1100,V000038,,,,,2024-01-24T00:00:00,2024-01-24T00:00:00,RS,2000,10,INR,2/10NET30,DAP,87.921,1541081.93,2024-04-27T00:00:00,151.462,660047.48,INR,102,5000000194,,,GR Material 194,2024-01-24T00:00:00,2024-04-23T00:00:00,1,,,,94,1,63.541,2026-05-18T15:22:36
4500000002,10,MAT00000045,1100,V000039,1000000009,,USER004,1,2024-01-25T00:00:00,2024-01-25T00:00:00,RS,1000,2,EUR,2,DAP,377.049,556637.44,2025-10-25T00:00:00,5.851,21050.06,INR,101,5000000002,,,GR Material 2,2024-01-25T00:00:00,2024-04-24T00:00:00,1,,,,639,1,-371.198,2026-05-18T15:22:36
4500000013,10,MAT00000051,1000,V000015,1000000142,,USER020,2,2025-01-21T00:00:00,2025-01-21T00:00:00,RS,2000,10,USD,2/10NET30,CIF,68.996,3369089.86,2023-10-05T00:00:00,108.919,60783.07,INR,102,5000000013,,,GR Material 13,2025-01-21T00:00:00,2025-04-21T00:00:00,1,,,,-474,0,39.923,2026-05-18T15:22:36
4500000024,10,MAT00000031,2100,V000002,,,,,2023-04-26T00:00:00,2023-04-26T00:00:00,NB,3000,10,INR,2/10NET30,EXW,243.696,8684937.96,2025-08-17T00:00:00,168.71,761036.51,EUR,101,5000000024,,,GR Material 24,2023-04-26T00:00:00,2023-07-25T00:00:00,1,,,,844,1,-74.986,2026-05-18T15:22:36
4500000026,10,MAT00000021,3000,V000027,1000000189,,USER010,2,2023-08-15T00:00:00,2023-08-15T00:00:00,FO,2000,1,INR,NET30,DAP,198.4,7458205.18,2024-08-21T00:00:00,70.713,309851.65,INR,121,5000000026,,,GR Material 26,2023-08-15T00:00:00,2023-11-13T00:00:00,1,,,,372,1,-127.687,2026-05-18T15:22:36
4500000032,10,MAT00000011,3000,V000004,,,,,2024-12-04T00:00:00,2024-12-04T00:00:00,RS,2000,1,INR,2/10NET30,DDP,334.351,12570644.7,2025-09-26T00:00:00,48.012,35225.2,INR,101,5000000032,,,GR Material 32,2024-12-04T00:00:00,2025-03-04T00:00:00,1,,1,,296,1,-286.339,2026-05-18T15:22:36
4500000046,10,MAT00000003,3000,V000031,1000000144,,USER002,2,2024-11-09T00:00:00,2024-11-09T00:00:00,RS,2000,10,INR,1,CIF,411.979,7878579.28,2024-05-10T00:00:00,51.228,53897.02,INR,101,5000000046,,,GR Material 46,2024-11-09T00:00:00,2025-02-07T00:00:00,1,,,,-183,0,-360.751,2026-05-18T15:22:36
4500000048,10,MAT00000016,2000,V000014,,,,,2023-09-18T00:00:00,2023-09-18T00:00:00,NB,3000,20,USD,2,FOB,276.442,2222530.1,2025-02-22T00:00:00,144.336,685920.54,USD,102,5000000048,,,GR Material 48,2023-09-18T00:00:00,2023-12-17T00:00:00,1,,,,523,1,-132.106,2026-05-18T15:22:36
4500000083,10,MAT00000024,1000,V000016,1000000115,,USER001,20,2024-06-03T00:00:00,2024-06-03T00:00:00,RS,1000,3,USD,1,DAP,267.48,7470478.34,2023-03-03T00:00:00,5.706,12314.38,INR,102,5000000083,,,GR Material 83,2024-06-03T00:00:00,2024-09-01T00:00:00,1,,,,-458,0,-261.774,2026-05-18T15:22:36
4500000084,10,MAT00000029,3000,V000027,,,,,2025-01-07T00:00:00,2025-01-07T00:00:00,ZUB,3000,3,USD,1,DAP,55.764,2562248.18,2023-12-26T00:00:00,109.731,334666.44,EUR,122,5000000084,,,GR Material 84,2025-01-07T00:00:00,2025-04-07T00:00:00,1,,,,-378,0,53.967,2026-05-18T15:22:36
4500000097,10,MAT00000037,3000,V000012,,,,,2024-02-11T00:00:00,2024-02-11T00:00:00,ZUB,3000,2,USD,2/10NET30,DDP,327.414,914372.35,2025-11-13T00:00:00,158.185,368630.02,INR,102,5000000097,,,GR Material 97,2024-02-11T00:00:00,2024-05-11T00:00:00,1,,0,,641,1,-169.229,2026-05-18T15:22:36
4500000104,10,MAT00000038,3000,V000004,,,,,2023-10-08T00:00:00,2023-10-08T00:00:00,ZUB,3000,1,INR,1,DAP,295.268,5232072.19,2023-04-06T00:00:00,40.638,74104.56,USD,101,5000000104,,,GR Material 104,2023-10-08T00:00:00,2024-01-06T00:00:00,1,,,,-185,0,-254.63,2026-05-18T15:22:36
4500000110,10,MAT00000014,1100,V000033,1000000092,,USER009,3,2023-08-19T00:00:00,2023-08-19T00:00:00,FO,3000,1,INR,NET60,DAP,448.951,9174196.96,2024-02-08T00:00:00,91.159,39273.38,USD,101,5000000110,,,GR Material 110,2023-08-19T00:00:00,2023-11-17T00:00:00,1,656,0,,173,1,-357.792,2026-05-18T15:22:36
4500000116,10,MAT00000036,2100,V000028,,,,,2024-02-17T00:00:00,2024-02-17T00:00:00,ZUB,2000,10,USD,2/10NET30,EXW,70.532,3147216.84,2023-02-08T00:00:00,146.887,367550.97,USD,122,5000000116,,,GR Material 116,2024-02-17T00:00:00,2024-05-17T00:00:00,1,,,,-374,0,76.355,2026-05-18T15:22:36
4500000129,10,MAT00000004,2000,V000028,1000000190,,USER007,10,2023-04-11T00:00:00,2023-04-11T00:00:00,NB,3000,3,EUR,1,DAP,274.43,10908125.97,2023-05-02T00:00:00,4.876,21515.94,INR,121,5000000129,,,GR Material 129,2023-04-11T00:00:00,2023-07-10T00:00:00,1,385,0,,21,0,-269.554,2026-05-18T15:22:36
4500000136,10,MAT00000044,3000,V000031,1000000019,,USER019,2,2023-08-18T00:00:00,2023-08-18T00:00:00,RS,2000,20,EUR,1,DAP,412.631,18202758.54,2023-06-07T00:00:00,41.096,51472.97,EUR,101,5000000136,,,GR Material 136,2023-08-18T00:00:00,2023-11-16T00:00:00,1,483,0,,-72,0,-371.535,2026-05-18T15:22:36
4500000141,10,MAT00000033,1100,V000015,1000000184,,USER011,2,2023-10-02T00:00:00,2023-10-02T00:00:00,FO,1000,1,INR,NET30,EXW,111.181,4486618.09,2024-03-13T00:00:00,12.161,36650.26,EUR,122,5000000141,,,GR Material 141,2023-10-02T00:00:00,2023-12-31T00:00:00,1,,,,163,1,-99.02,2026-05-18T15:22:36
4500000156,10,MAT00000051,1100,V000035,,,,,2025-10-10T00:00:00,2025-10-10T00:00:00,ZUB,1000,1,INR,2,CIF,267.96,10194326.51,2024-10-13T00:00:00,61.689,156360.9,USD,121,5000000156,,,GR Material 156,2025-10-10T00:00:00,2026-01-08T00:00:00,1,,1,,-362,0,-206.271,2026-05-18T15:22:36
4500000169,10,MAT00000007,2000,V000037,1000000016,,USER007,20,2023-06-11T00:00:00,2023-06-11T00:00:00,FO,1000,20,USD,1,DAP,393.665,10045590.71,2025-05-20T00:00:00,10.545,15632.61,USD,102,5000000169,,,GR Material 169,2023-06-11T00:00:00,2023-09-09T00:00:00,1,,,,709,1,-383.12,2026-05-18T15:22:36
4500000178,10,MAT00000012,2100,V000018,1000000091,,USER003,2,2024-11-11T00:00:00,2024-11-11T00:00:00,RS,2000,1,USD,1,DDP,481.24,5238552.46,2023-11-29T00:00:00,41.313,173047.42,INR,122,5000000178,,,GR Material 178,2024-11-11T00:00:00,2025-02-09T00:00:00,1,683,0,,-348,0,-439.927,2026-05-18T15:22:36
4500000181,10,MAT00000023,3000,V000028,1000000120,,USER002,2,2023-09-08T00:00:00,2023-09-08T00:00:00,ZUB,1000,3,INR,NET30,EXW,447.336,7088401.26,2023-09-27T00:00:00,120.359,544133.36,INR,101,5000000181,,,GR Material 181,2023-09-08T00:00:00,2023-12-07T00:00:00,1,-574,1,,19,0,-326.977,2026-05-18T15:22:36
4500000199,10,MAT00000044,2000,V000007,,,,,2023-06-03T00:00:00,2023-06-03T00:00:00,ZUB,1000,2,USD,NET60,DAP,149.174,4120751.25,2023-01-25T00:00:00,105.146,231460.44,EUR,102,5000000199,,,GR Material 199,2023-06-03T00:00:00,2023-09-01T00:00:00,1,,,,-129,0,-44.028,2026-05-18T15:22:36
