Po Number,Invoice Doc Number,Fiscal Year,Vendor Number,Material Number,Invoice Date,Invoice Posting Date,Invoice Entry Date,Invoice Vendor,Invoice Currency,Invoice Amount,Payment Terms,Payment Due Date,Invoice Doc Type,External Invoice Number,Line Description,Line Amount,Invoice Quantity,Accounting Posting Date,Accounting Doc Date,Accounting Doc Type,Accounting Currency,Open Item Posting Date,Open Item Due Date,Open Item Amount,Open Item Payment Terms,Cleared Item Posting Date,Clearing Date,Cleared Amount,Clearing Document,Payment Value Date,Payment Currency,Payment Amount,Payment Method,Bank Posting Date,Bank Value Date,Bank Amount,Bank Currency,Kpi Days To Pay,Invoice To Payment Days,Is Late Payment,Invoice Vs Payment Diff,Celonis Change Date
4500000018,5100000018,2023,"V000004","MAT00000060",2023-11-09T00:00:00,2023-11-09T00:00:00,2023-11-09T00:00:00,"V000004","USD",244114.4,"0001",2023-12-09T00:00:00,"RE","INV00000018","Invoice line 18",216481.1,89.509,,,,,,,,,,,,,,,,,,,,,106,,0,,2026-05-18T15:22:41
4500000023,5100000023,2024,"V000025","MAT00000006",2023-01-29T00:00:00,2023-01-29T00:00:00,2023-01-29T00:00:00,"V000025","INR",498692.34,"0001",2023-02-28T00:00:00,"RE","INV00000023","Invoice line 23",663262.24,139.814,,,,,,,,,,,,,,,,,,,,,525,,0,,2026-05-18T15:22:41
4500000036,5100000036,2023,"V000040","MAT00000011",2024-06-23T00:00:00,2024-06-23T00:00:00,2024-06-23T00:00:00,"V000040","INR",356991.11,"2/10NET30",2024-07-23T00:00:00,"RE","INV00000036","Invoice line 36",67823.89999999999,26.401,,,,,,,,,,,,,,,,,,,,,80,,0,,2026-05-18T15:22:41
4500000056,5100000056,2024,"V000039","MAT00000049",2023-07-04T00:00:00,2023-07-04T00:00:00,2023-07-04T00:00:00,"V000039","USD",406015.44,"NET60",2023-08-03T00:00:00,"RE","INV00000056","Invoice line 56",360729.07,80.419,,,,,,,,,,,,,,,,,,,,,686,,0,,2026-05-18T15:22:41
4500000065,5100000065,2024,"V000019","MAT00000054",2025-11-01T00:00:00,2025-11-01T00:00:00,2025-11-01T00:00:00,"V000019","INR",187174.36,"0002",2025-12-01T00:00:00,"RE","INV00000065","Invoice line 65",591561.03,130.052,,,,,,,,,,,,,,,,,,,,,-936,,0,,2026-05-18T15:22:41
4500000081,5100000081,2023,"V000039","MAT00000036",2024-11-13T00:00:00,2024-11-13T00:00:00,2024-11-13T00:00:00,"V000039","USD",402453.08,"NET60",2024-12-13T00:00:00,"RE","INV00000081","Invoice line 81",256549.56,107.113,,,,,,,,,,,,,,,,,,,,,188,,0,,2026-05-18T15:22:41
4500000091,5100000091,2023,,"MAT00000049",2025-07-18T00:00:00,2025-07-18T00:00:00,2025-07-18T00:00:00,"V000026","USD",93841.42,"NET60",2025-08-17T00:00:00,"RE","INV00000091","Invoice line 91",103872.75,83.057,,,,,,,,,,,,,,,,,,,,,-758,,0,,2026-05-18T15:22:41
4500000112,5100000112,2024,,"MAT00000005",2024-09-23T00:00:00,2024-09-23T00:00:00,2024-09-23T00:00:00,"V000026","USD",231722.96,"0002",2024-10-23T00:00:00,"RE","INV00000112","Invoice line 112",789625.04,163.498,,,,,,,,,,,,,,,,,,,,,-460,,0,,2026-05-18T15:22:41
4500000132,5100000132,2024,"V000006","MAT00000043",2024-12-06T00:00:00,2024-12-06T00:00:00,2024-12-06T00:00:00,"V000006","USD",10636.41,"0002",2025-01-05T00:00:00,"RE","INV00000132","Invoice line 132",41423.95,12.921,,,,,,,,,,,,,,,,,,,,,-470,,0,,2026-05-18T15:22:41
4500000157,5100000157,2023,"V000009","MAT00000029",2024-02-07T00:00:00,2024-02-07T00:00:00,2024-02-07T00:00:00,"V000009","EUR",354149.13,"NET60",2024-03-08T00:00:00,"RE","INV00000157","Invoice line 157",165908.51,68.876,,,,,,,,,,,,,,,,,,,,,152,,0,,2026-05-18T15:22:41
4500000162,5100000162,2023,"V000035","MAT00000003",2024-12-03T00:00:00,2024-12-03T00:00:00,2024-12-03T00:00:00,"V000035","EUR",9970.790000000001,"0001",2025-01-02T00:00:00,"RE","INV00000162","Invoice line 162",686087.66,158.025,,,,,,,,,,,,,,,,,,,,,-412,,0,,2026-05-18T15:22:41
4500000165,5100000165,2025,,"MAT00000018",2023-12-16T00:00:00,2023-12-16T00:00:00,2023-12-16T00:00:00,"V000025","EUR",278040.7,"NET30",2024-01-15T00:00:00,"RE","INV00000165","Invoice line 165",482810.96,173.733,,,,,,,,,,,,,,,,,,,,,204,,0,,2026-05-18T15:22:41
4500000177,5100000177,2025,,"MAT00000031",2024-10-03T00:00:00,2024-10-03T00:00:00,2024-10-03T00:00:00,"V000017","INR",419555.87,"0002",2024-11-02T00:00:00,"RE","INV00000177","Invoice line 177",390698.16,98.039,,,,,,,,,,,,,,,,,,,,,-538,,0,,2026-05-18T15:22:41
4500000184,5100000184,2024,"V000034","MAT00000043",2025-09-01T00:00:00,2025-09-01T00:00:00,2025-09-01T00:00:00,"V000034","USD",132337.36,"NET60",2025-10-01T00:00:00,"RE","INV00000184","Invoice line 184",19365.97,80.705,,,,,,,,,,,,,,,,,,,,,-797,,0,,2026-05-18T15:22:41
4500000003,5100000003,2024,"V000001","MAT00000047",2023-01-11T00:00:00,2023-01-11T00:00:00,2023-01-11T00:00:00,"V000001","INR",126030.78,"0001",2023-02-10T00:00:00,"RE","INV00000003","Invoice line 3",297027.08,121.345,,,,,,,,,,,,,,,,,,,,,93,,0,,2026-05-18T15:22:41
4500000009,5100000009,2024,,"MAT00000009",2024-02-26T00:00:00,2024-02-26T00:00:00,2024-02-26T00:00:00,"V000002","INR",401772.56,"NET30",2024-03-27T00:00:00,"RE","INV00000009","Invoice line 9",40306.03,34.812,,,,,,,,,,,,,,,,,,,,,90,,0,,2026-05-18T15:22:41
4500000015,5100000015,2025,"V000007","MAT00000025",2024-10-02T00:00:00,2024-10-02T00:00:00,2024-10-02T00:00:00,"V000007","USD",17065.33,"2/10NET30",2024-11-01T00:00:00,"RE","INV00000015","Invoice line 15",162112.39,32.907,,,,,,,,,,,,,,,,,,,,,-372,,0,,2026-05-18T15:22:41
4500000020,5100000020,2025,,"MAT00000059",2023-12-18T00:00:00,2023-12-18T00:00:00,2023-12-18T00:00:00,"V000021","USD",390399.24,"NET30",2024-01-17T00:00:00,"RE","INV00000020","Invoice line 20",148881.35,52.205,,,,,,,,,,,,,,,,,,,,,132,,0,,2026-05-18T15:22:41
4500000032,5100000032,2023,"V000010","MAT00000055",2024-02-21T00:00:00,2024-02-21T00:00:00,2024-02-21T00:00:00,"V000010","INR",401872.43,"2/10NET30",2024-03-22T00:00:00,"RE","INV00000032","Invoice line 32",634761.28,192.817,,,,,,,,,,,,,,,,,,,,,-256,,0,,2026-05-18T15:22:41
4500000050,5100000050,2025,,"MAT00000029",2023-09-24T00:00:00,2023-09-24T00:00:00,2023-09-24T00:00:00,"V000026","INR",99803.35000000001,"2/10NET30",2023-10-24T00:00:00,"RE","INV00000050","Invoice line 50",261492.01,82.876,,,,,,,,,,,,,,,,,,,,,-95,,0,,2026-05-18T15:22:41
4500000064,5100000064,2023,"V000004","MAT00000052",2024-04-16T00:00:00,2024-04-16T00:00:00,2024-04-16T00:00:00,"V000004","USD",156818.47,"0001",2024-05-16T00:00:00,"RE","INV00000064","Invoice line 64",4658.5,22,,,,,,,,,,,,,,,,,,,,,-53,,0,,2026-05-18T15:22:41
4500000076,5100000076,2025,"V000006","MAT00000034",2024-11-24T00:00:00,2024-11-24T00:00:00,2024-11-24T00:00:00,"V000006","USD",467970.79,"0001",2024-12-24T00:00:00,"RE","INV00000076","Invoice line 76",318788.31,78.705,,,,,,,,,,,,,,,,,,,,,-458,,0,,2026-05-18T15:22:41
4500000087,5100000087,2024,,"MAT00000045",2024-09-21T00:00:00,2024-09-21T00:00:00,2024-09-21T00:00:00,"V000016","EUR",230743.68,"NET60",2024-10-21T00:00:00,"RE","INV00000087","Invoice line 87",45050.86,83.989,,,,,,,,,,,,,,,,,,,,,-482,,0,,2026-05-18T15:22:41
4500000090,5100000090,2025,,"MAT00000055",2023-06-16T00:00:00,2023-06-16T00:00:00,2023-06-16T00:00:00,"V000022","EUR",122495.19,"2/10NET30",2023-07-16T00:00:00,"RE","INV00000090","Invoice line 90",152332.75,59.255,,,,,,,,,,,,,,,,,,,,,-145,,0,,2026-05-18T15:22:41
4500000116,5100000116,2023,"V000013","MAT00000019",2024-05-03T00:00:00,2024-05-03T00:00:00,2024-05-03T00:00:00,"V000013","USD",166714.69,"NET60",2024-06-02T00:00:00,"RE","INV00000116","Invoice line 116",533244.89,174.164,,,,,,,,,,,,,,,,,,,,,-139,,0,,2026-05-18T15:22:41
4500000119,5100000119,2023,"V000010","MAT00000031",2023-04-24T00:00:00,2023-04-24T00:00:00,2023-04-24T00:00:00,"V000010","USD",32086.74,"NET30",2023-05-24T00:00:00,"RE","INV00000119","Invoice line 119",211745.83,46.028,,,,,,,,,,,,,,,,,,,,,47,,0,,2026-05-18T15:22:41
4500000128,5100000128,2025,,"MAT00000027",2024-12-01T00:00:00,2024-12-01T00:00:00,2024-12-01T00:00:00,"V000008","EUR",430009.16,"NET30",2024-12-31T00:00:00,"RE","INV00000128","Invoice line 128",392020.83,137.542,,,,,,,,,,,,,,,,,,,,,-319,,0,,2026-05-18T15:22:41
4500000149,5100000149,2024,"V000029","MAT00000028",2025-04-24T00:00:00,2025-04-24T00:00:00,2025-04-24T00:00:00,"V000029","USD",324552.11,"2/10NET30",2025-05-24T00:00:00,"RE","INV00000149","Invoice line 149",231270.45,117.783,,,,,,,,,,,,,,,,,,,,,-733,,0,,2026-05-18T15:22:41
4500000160,5100000160,2024,"V000004","MAT00000037",2023-11-26T00:00:00,2023-11-26T00:00:00,2023-11-26T00:00:00,"V000004","USD",339617.85,"NET30",2023-12-26T00:00:00,"RE","INV00000160","Invoice line 160",405649.56,122.209,,,,,,,,,,,,,,,,,,,,,89,,0,,2026-05-18T15:22:41
4500000176,5100000176,2023,"V000032","MAT00000052",2023-08-09T00:00:00,2023-08-09T00:00:00,2023-08-09T00:00:00,"V000032","USD",400771.45,"2/10NET30",2023-09-08T00:00:00,"RE","INV00000176","Invoice line 176",12992.19,47.339,,,,,,,,,,,,,,,,,,,,,-115,,0,,2026-05-18T15:22:41
4500000178,5100000178,2023,"V000009","MAT00000035",2023-03-08T00:00:00,2023-03-08T00:00:00,2023-03-08T00:00:00,"V000009","EUR",213805.12,"2/10NET30",2023-04-07T00:00:00,"RE","INV00000178","Invoice line 178",12834.2,96.194,,,,,,,,,,,,,,,,,,,,,488,,0,,2026-05-18T15:22:41
4500000180,5100000180,2025,"V000029","MAT00000049",2024-11-25T00:00:00,2024-11-25T00:00:00,2024-11-25T00:00:00,"V000029","INR",110623.56,"NET60",2024-12-25T00:00:00,"RE","INV00000180","Invoice line 180",3961.17,5.569,,,,,,,,,,,,,,,,,,,,,-583,,0,,2026-05-18T15:22:41
4500000188,5100000188,2024,,"MAT00000056",2024-06-09T00:00:00,2024-06-09T00:00:00,2024-06-09T00:00:00,"V000021","INR",65152.47,"0001",2024-07-09T00:00:00,"RE","INV00000188","Invoice line 188",100113.67,29.631,,,,,,,,,,,,,,,,,,,,,-42,,0,,2026-05-18T15:22:41
4500000189,5100000189,2025,"V000006","MAT00000058",2023-11-17T00:00:00,2023-11-17T00:00:00,2023-11-17T00:00:00,"V000006","USD",109514.41,"2/10NET30",2023-12-17T00:00:00,"RE","INV00000189","Invoice line 189",65762.14999999999,88.688,,,,,,,,,,,,,,,,,,,,,-85,,0,,2026-05-18T15:22:41
4500000199,5100000199,2023,"V000036","MAT00000038",2024-07-18T00:00:00,2024-07-18T00:00:00,2024-07-18T00:00:00,"V000036","EUR",360602.92,"0001",2024-08-17T00:00:00,"RE","INV00000199","Invoice line 199",112702.9,68.492,,,,,,,,,,,,,,,,,,,,,-450,,0,,2026-05-18T15:22:41
4500000014,5100000014,2025,"V000004","MAT00000052",2024-11-26T00:00:00,2024-11-26T00:00:00,2024-11-26T00:00:00,"V000004","EUR",417276.95,"2/10NET30",2024-12-26T00:00:00,"RE","INV00000014","Invoice line 14",199337.2,180.959,,,,,,,,,,,,,,,,,,,,,-277,,0,,2026-05-18T15:22:41
4500000037,5100000037,2023,"V000017","MAT00000048",2023-01-29T00:00:00,2023-01-29T00:00:00,2023-01-29T00:00:00,"V000017","INR",146484.16,"2/10NET30",2023-02-28T00:00:00,"RE","INV00000037","Invoice line 37",280910.62,157.729,,,,,,,,,,,,,,,,,,,,,75,,0,,2026-05-18T15:22:41
4500000043,5100000043,2023,"V000023","MAT00000058",2025-06-08T00:00:00,2025-06-08T00:00:00,2025-06-08T00:00:00,"V000023","EUR",446829.52,"NET30",2025-07-08T00:00:00,"RE","INV00000043","Invoice line 43",26261.41,14.743,,,,,,,,,,,,,,,,,,,,,-698,,0,,2026-05-18T15:22:41
4500000049,5100000049,2023,"V000020","MAT00000006",2023-09-23T00:00:00,2023-09-23T00:00:00,2023-09-23T00:00:00,"V000020","USD",242820.91,"NET30",2023-10-23T00:00:00,"RE","INV00000049","Invoice line 49",3048.34,7.32,,,,,,,,,,,,,,,,,,,,,-262,,0,,2026-05-18T15:22:41
4500000055,5100000055,2023,"V000009","MAT00000054",2024-10-26T00:00:00,2024-10-26T00:00:00,2024-10-26T00:00:00,"V000009","EUR",482179.81,"0001",2024-11-25T00:00:00,"RE","INV00000055","Invoice line 55",267435.21,111.295,,,,,,,,,,,,,,,,,,,,,-110,,0,,2026-05-18T15:22:41
4500000069,5100000069,2023,,"MAT00000005",2023-03-19T00:00:00,2023-03-19T00:00:00,2023-03-19T00:00:00,"V000025","EUR",193644.26,"NET30",2023-04-18T00:00:00,"RE","INV00000069","Invoice line 69",8409.02,16.193,,,,,,,,,,,,,,,,,,,,,476,,0,,2026-05-18T15:22:41
4500000085,5100000085,2023,"V000020","MAT00000017",2023-12-30T00:00:00,2023-12-30T00:00:00,2023-12-30T00:00:00,"V000020","INR",427120.62,"NET60",2024-01-29T00:00:00,"RE","INV00000085","Invoice line 85",372201.18,98.00700000000001,,,,,,,,,,,,,,,,,,,,,-360,,0,,2026-05-18T15:22:41
4500000093,5100000093,2023,,"MAT00000016",2023-07-18T00:00:00,2023-07-18T00:00:00,2023-07-18T00:00:00,"V000039","EUR",37355.77,"0002",2023-08-17T00:00:00,"RE","INV00000093","Invoice line 93",150017.01,159.176,,,,,,,,,,,,,,,,,,,,,672,,0,,2026-05-18T15:22:41
4500000095,5100000095,2025,"V000006","MAT00000058",2024-11-03T00:00:00,2024-11-03T00:00:00,2024-11-03T00:00:00,"V000006","USD",383171.95,"2/10NET30",2024-12-03T00:00:00,"RE","INV00000095","Invoice line 95",170884.17,145.442,,,,,,,,,,,,,,,,,,,,,-437,,0,,2026-05-18T15:22:41
4500000103,5100000103,2024,"V000033","MAT00000026",2023-05-24T00:00:00,2023-05-24T00:00:00,2023-05-24T00:00:00,"V000033","USD",22453.26,"0001",2023-06-23T00:00:00,"RE","INV00000103","Invoice line 103",812656.6899999999,190.968,,,,,,,,,,,,,,,,,,,,,77,,0,,2026-05-18T15:22:41
4500000129,5100000129,2024,,"MAT00000055",2025-04-20T00:00:00,2025-04-20T00:00:00,2025-04-20T00:00:00,"V000008","USD",173035.67,"0002",2025-05-20T00:00:00,"RE","INV00000129","Invoice line 129",501845.99,118.9,,,,,,,,,,,,,,,,,,,,,-459,,0,,2026-05-18T15:22:41
4500000135,5100000135,2025,"V000028","MAT00000054",2023-04-04T00:00:00,2023-04-04T00:00:00,2023-04-04T00:00:00,"V000028","INR",287536.99,"NET30",2023-05-04T00:00:00,"RE","INV00000135","Invoice line 135",168803.7,188.922,,,,,,,,,,,,,,,,,,,,,12,,0,,2026-05-18T15:22:41
4500000144,5100000144,2025,,"MAT00000013",2024-11-14T00:00:00,2024-11-14T00:00:00,2024-11-14T00:00:00,"V000010","EUR",35876.28,"2/10NET30",2024-12-14T00:00:00,"RE","INV00000144","Invoice line 144",262915.73,197.399,,,,,,,,,,,,,,,,,,,,,-523,,0,,2026-05-18T15:22:41
4500000148,5100000148,2023,"V000024","MAT00000056",2024-11-15T00:00:00,2024-11-15T00:00:00,2024-11-15T00:00:00,"V000024","USD",67664.07000000001,"NET30",2024-12-15T00:00:00,"RE","INV00000148","Invoice line 148",14840.33,20.457,,,,,,,,,,,,,,,,,,,,,-531,,0,,2026-05-18T15:22:41
4500000151,5100000151,2024,"V000009","MAT00000016",2023-05-11T00:00:00,2023-05-11T00:00:00,2023-05-11T00:00:00,"V000009","INR",276646.95,"2/10NET30",2023-06-10T00:00:00,"RE","INV00000151","Invoice line 151",43474.97,34.848,,,,,,,,,,,,,,,,,,,,,424,,0,,2026-05-18T15:22:41
4500000154,5100000154,2025,,"MAT00000043",2024-01-23T00:00:00,2024-01-23T00:00:00,2024-01-23T00:00:00,"V000022","USD",401750.51,"2/10NET30",2024-02-22T00:00:00,"RE","INV00000154","Invoice line 154",9496.370000000001,2.2,,,,,,,,,,,,,,,,,,,,,-366,,0,,2026-05-18T15:22:41
4500000182,5100000182,2024,"V000025","MAT00000051",2025-03-16T00:00:00,2025-03-16T00:00:00,2025-03-16T00:00:00,"V000025","EUR",413132.79,"0002",2025-04-15T00:00:00,"RE","INV00000182","Invoice line 182",530005.49,109.39,,,,,,,,,,,,,,,,,,,,,-252,,0,,2026-05-18T15:22:41
4500000198,5100000198,2024,,"MAT00000012",2023-10-05T00:00:00,2023-10-05T00:00:00,2023-10-05T00:00:00,"V000021","INR",142411.04,"NET30",2023-11-04T00:00:00,"RE","INV00000198","Invoice line 198",213525.3,50.835,,,,,,,,,,,,,,,,,,,,,206,,0,,2026-05-18T15:22:41
4500000011,5100000011,2025,"V000022","MAT00000056",2023-10-24T00:00:00,2023-10-24T00:00:00,2023-10-24T00:00:00,"V000022","USD",221644.28,"2/10NET30",2023-11-23T00:00:00,"RE","INV00000011","Invoice line 11",20464.05,50.414,,,,,,,,,,,,,,,,,,,,,-275,,0,,2026-05-18T15:22:41
4500000012,5100000012,2025,,"MAT00000023",2023-11-20T00:00:00,2023-11-20T00:00:00,2023-11-20T00:00:00,"V000013","EUR",425894.74,"NET30",2023-12-20T00:00:00,"RE","INV00000012","Invoice line 12",239193.92,131.551,,,,,,,,,,,,,,,,,,,,,26,,0,,2026-05-18T15:22:41
4500000034,5100000034,2025,"V000017","MAT00000037",2024-02-02T00:00:00,2024-02-02T00:00:00,2024-02-02T00:00:00,"V000017","INR",355621.57,"0001",2024-03-03T00:00:00,"RE","INV00000034","Invoice line 34",165315.96,128.324,,,,,,,,,,,,,,,,,,,,,-294,,0,,2026-05-18T15:22:41
4500000035,5100000035,2024,"V000019","MAT00000001",2023-03-30T00:00:00,2023-03-30T00:00:00,2023-03-30T00:00:00,"V000019","INR",451074.34,"2/10NET30",2023-04-29T00:00:00,"RE","INV00000035","Invoice line 35",489279.31,123.685,,,,,,,,,,,,,,,,,,,,,11,,0,,2026-05-18T15:22:41
4500000038,5100000038,2025,"V000039","MAT00000038",2023-11-03T00:00:00,2023-11-03T00:00:00,2023-11-03T00:00:00,"V000039","INR",404128.48,"0002",2023-12-03T00:00:00,"RE","INV00000038","Invoice line 38",261574.62,145.763,,,,,,,,,,,,,,,,,,,,,564,,0,,2026-05-18T15:22:41
4500000054,5100000054,2023,"V000012","MAT00000003",2024-11-02T00:00:00,2024-11-02T00:00:00,2024-11-02T00:00:00,"V000012","USD",120462.73,"0002",2024-12-02T00:00:00,"RE","INV00000054","Invoice line 54",158040.03,43.022,,,,,,,,,,,,,,,,,,,,,-667,,0,,2026-05-18T15:22:41
4500000061,5100000061,2025,,"MAT00000056",2023-07-04T00:00:00,2023-07-04T00:00:00,2023-07-04T00:00:00,"V000039","INR",469485.52,"NET60",2023-08-03T00:00:00,"RE","INV00000061","Invoice line 61",122284.32,193.341,,,,,,,,,,,,,,,,,,,,,686,,0,,2026-05-18T15:22:41
4500000068,5100000068,2023,"V000009","MAT00000034",2025-07-05T00:00:00,2025-07-05T00:00:00,2025-07-05T00:00:00,"V000009","EUR",120454.65,"NET30",2025-08-04T00:00:00,"RE","INV00000068","Invoice line 68",514364.62,132.614,,,,,,,,,,,,,,,,,,,,,-362,,0,,2026-05-18T15:22:41
4500000078,5100000078,2024,"V000036","MAT00000014",2024-08-24T00:00:00,2024-08-24T00:00:00,2024-08-24T00:00:00,"V000036","EUR",156207.15,"0001",2024-09-23T00:00:00,"RE","INV00000078","Invoice line 78",165602.24,146.873,,,,,,,,,,,,,,,,,,,,,-487,,0,,2026-05-18T15:22:41
4500000094,5100000094,2024,"V000032","MAT00000005",2024-11-28T00:00:00,2024-11-28T00:00:00,2024-11-28T00:00:00,"V000032","USD",203070.11,"0002",2024-12-28T00:00:00,"RE","INV00000094","Invoice line 94",284890.92,73.105,,,,,,,,,,,,,,,,,,,,,-592,,0,,2026-05-18T15:22:41
4500000098,5100000098,2024,"V000004","MAT00000023",2025-07-15T00:00:00,2025-07-15T00:00:00,2025-07-15T00:00:00,"V000004","USD",227645.78,"2/10NET30",2025-08-14T00:00:00,"RE","INV00000098","Invoice line 98",540840.1,137.541,,,,,,,,,,,,,,,,,,,,,-508,,0,,2026-05-18T15:22:41
4500000114,5100000114,2024,"V000032","MAT00000025",2024-07-16T00:00:00,2024-07-16T00:00:00,2024-07-16T00:00:00,"V000032","EUR",226239.71,"NET30",2024-08-15T00:00:00,"RE","INV00000114","Invoice line 114",25241.02,19.159,,,,,,,,,,,,,,,,,,,,,-457,,0,,2026-05-18T15:22:41
4500000153,5100000153,2025,"V000014","MAT00000033",2025-11-09T00:00:00,2025-11-09T00:00:00,2025-11-09T00:00:00,"V000014","INR",332072.9,"0001",2025-12-09T00:00:00,"RE","INV00000153","Invoice line 153",660404.84,181.622,,,,,,,,,,,,,,,,,,,,,-1002,,0,,2026-05-18T15:22:41
4500000167,5100000167,2024,"V000004","MAT00000057",2024-11-03T00:00:00,2024-11-03T00:00:00,2024-11-03T00:00:00,"V000004","INR",12928.92,"2/10NET30",2024-12-03T00:00:00,"RE","INV00000167","Invoice line 167",487993.3,105.672,,,,,,,,,,,,,,,,,,,,,-254,,0,,2026-05-18T15:22:41
4500000190,5100000190,2023,"V000036","MAT00000040",2023-02-04T00:00:00,2023-02-04T00:00:00,2023-02-04T00:00:00,"V000036","EUR",218591.12,"2/10NET30",2023-03-06T00:00:00,"RE","INV00000190","Invoice line 190",27848.14,19.304,,,,,,,,,,,,,,,,,,,,,80,,0,,2026-05-18T15:22:41
4500000194,5100000194,2023,"V000032","MAT00000045",2024-01-22T00:00:00,2024-01-22T00:00:00,2024-01-22T00:00:00,"V000032","EUR",381801.73,"NET60",2024-02-21T00:00:00,"RE","INV00000194","Invoice line 194",135586.38,120.709,,,,,,,,,,,,,,,,,,,,,-281,,0,,2026-05-18T15:22:41
4500000016,5100000016,2024,"V000001","MAT00000055",2025-10-22T00:00:00,2025-10-22T00:00:00,2025-10-22T00:00:00,"V000001","USD",66018.37,"NET30",2025-11-21T00:00:00,"RE","INV00000016","Invoice line 16",207044.35,95.72799999999999,,,,,,,,,,,,,,,,,,,,,-922,,0,,2026-05-18T15:22:41
4500000019,5100000019,2023,,"MAT00000047",2025-11-06T00:00:00,2025-11-06T00:00:00,2025-11-06T00:00:00,"V000003","EUR",343210.86,"NET60",2025-12-06T00:00:00,"RE","INV00000019","Invoice line 19",16139.19,105.203,,,,,,,,,,,,,,,,,,,,,-935,,0,,2026-05-18T15:22:41
4500000025,5100000025,2023,"V000030","MAT00000023",2024-04-20T00:00:00,2024-04-20T00:00:00,2024-04-20T00:00:00,"V000030","INR",98692.94,"NET60",2024-05-20T00:00:00,"RE","INV00000025","Invoice line 25",349767.5,185.435,,,,,,,,,,,,,,,,,,,,,-442,,0,,2026-05-18T15:22:41
4500000030,5100000030,2025,,"MAT00000018",2023-02-13T00:00:00,2023-02-13T00:00:00,2023-02-13T00:00:00,"V000027","INR",251749.53,"NET30",2023-03-15T00:00:00,"RE","INV00000030","Invoice line 30",212263.92,55.336,,,,,,,,,,,,,,,,,,,,,111,,0,,2026-05-18T15:22:41
4500000045,5100000045,2025,"V000018","MAT00000038",2023-06-30T00:00:00,2023-06-30T00:00:00,2023-06-30T00:00:00,"V000018","USD",415825.34,"2/10NET30",2023-07-30T00:00:00,"RE","INV00000045","Invoice line 45",129594.86,122.876,,,,,,,,,,,,,,,,,,,,,-175,,0,,2026-05-18T15:22:41
4500000052,5100000052,2024,"V000038","MAT00000024",2023-07-27T00:00:00,2023-07-27T00:00:00,2023-07-27T00:00:00,"V000038","EUR",156993.72,"0001",2023-08-26T00:00:00,"RE","INV00000052","Invoice line 52",125968.27,33.654,,,,,,,,,,,,,,,,,,,,,180,,0,,2026-05-18T15:22:41
4500000057,5100000057,2023,"V000031","MAT00000023",2023-06-27T00:00:00,2023-06-27T00:00:00,2023-06-27T00:00:00,"V000031","EUR",134871.85,"0002",2023-07-27T00:00:00,"RE","INV00000057","Invoice line 57",951510.08,194.097,,,,,,,,,,,,,,,,,,,,,-58,,0,,2026-05-18T15:22:41
4500000070,5100000070,2023,"V000016","MAT00000005",2024-01-19T00:00:00,2024-01-19T00:00:00,2024-01-19T00:00:00,"V000016","INR",62469.69,"NET60",2024-02-18T00:00:00,"RE","INV00000070","Invoice line 70",268251.22,55.336,,,,,,,,,,,,,,,,,,,,,-236,,0,,2026-05-18T15:22:41
4500000073,5100000073,2024,"V000019","MAT00000043",2024-09-04T00:00:00,2024-09-04T00:00:00,2024-09-04T00:00:00,"V000019","INR",197460.61,"0002",2024-10-04T00:00:00,"RE","INV00000073","Invoice line 73",436859.11,187.147,,,,,,,,,,,,,,,,,,,,,-513,,0,,2026-05-18T15:22:41
4500000080,5100000080,2025,"V000033","MAT00000030",2025-12-04T00:00:00,2025-12-04T00:00:00,2025-12-04T00:00:00,"V000033","USD",192404.04,"NET60",2026-01-03T00:00:00,"RE","INV00000080","Invoice line 80",172379.72,123.044,,,,,,,,,,,,,,,,,,,,,-848,,0,,2026-05-18T15:22:41
4500000084,5100000084,2024,"V000014","MAT00000012",2023-02-09T00:00:00,2023-02-09T00:00:00,2023-02-09T00:00:00,"V000014","USD",53557,"NET60",2023-03-11T00:00:00,"RE","INV00000084","Invoice line 84",693772.52,190.806,,,,,,,,,,,,,,,,,,,,,2,,0,,2026-05-18T15:22:41
4500000097,5100000097,2023,"V000011","MAT00000034",2024-09-17T00:00:00,2024-09-17T00:00:00,2024-09-17T00:00:00,"V000011","USD",45823.35,"0002",2024-10-17T00:00:00,"RE","INV00000097","Invoice line 97",271326.86,163.158,,,,,,,,,,,,,,,,,,,,,-253,,0,,2026-05-18T15:22:41
4500000106,5100000106,2024,"V000034","MAT00000019",2023-03-02T00:00:00,2023-03-02T00:00:00,2023-03-02T00:00:00,"V000034","USD",309695.05,"NET30",2023-04-01T00:00:00,"RE","INV00000106","Invoice line 106",208874.5,91.346,,,,,,,,,,,,,,,,,,,,,117,,0,,2026-05-18T15:22:41
4500000108,5100000108,2025,"V000012","MAT00000023",2024-04-14T00:00:00,2024-04-14T00:00:00,2024-04-14T00:00:00,"V000012","USD",312757.91,"0001",2024-05-14T00:00:00,"RE","INV00000108","Invoice line 108",327215.79,91.78100000000001,,,,,,,,,,,,,,,,,,,,,-465,,0,,2026-05-18T15:22:41
4500000111,5100000111,2024,"V000029","MAT00000034",2024-09-23T00:00:00,2024-09-23T00:00:00,2024-09-23T00:00:00,"V000029","INR",177872.69,"0002",2024-10-23T00:00:00,"RE","INV00000111","Invoice line 111",326876,69.108,,,,,,,,,,,,,,,,,,,,,-520,,0,,2026-05-18T15:22:41
4500000125,5100000125,2023,"V000004","MAT00000059",2025-02-03T00:00:00,2025-02-03T00:00:00,2025-02-03T00:00:00,"V000004","EUR",378082.22,"NET60",2025-03-05T00:00:00,"RE","INV00000125","Invoice line 125",231327.81,186.073,,,,,,,,,,,,,,,,,,,,,-346,,0,,2026-05-18T15:22:41
4500000126,5100000126,2025,"V000020","MAT00000008",2023-02-28T00:00:00,2023-02-28T00:00:00,2023-02-28T00:00:00,"V000020","EUR",384904.8,"0002",2023-03-30T00:00:00,"RE","INV00000126","Invoice line 126",45873.13,31.966,,,,,,,,,,,,,,,,,,,,,-55,,0,,2026-05-18T15:22:41
4500000134,5100000134,2024,"V000018","MAT00000041",2023-08-25T00:00:00,2023-08-25T00:00:00,2023-08-25T00:00:00,"V000018","USD",237683.01,"NET30",2023-09-24T00:00:00,"RE","INV00000134","Invoice line 134",168030.95,58.225,,,,,,,,,,,,,,,,,,,,,-231,,0,,2026-05-18T15:22:41
4500000137,5100000137,2023,"V000006","MAT00000013",2024-05-10T00:00:00,2024-05-10T00:00:00,2024-05-10T00:00:00,"V000006","EUR",186654.07,"NET60",2024-06-09T00:00:00,"RE","INV00000137","Invoice line 137",898409.1800000001,197.655,,,,,,,,,,,,,,,,,,,,,-260,,0,,2026-05-18T15:22:41
4500000146,5100000146,2024,"V000025","MAT00000027",2025-11-01T00:00:00,2025-11-01T00:00:00,2025-11-01T00:00:00,"V000025","USD",321454.86,"0002",2025-12-01T00:00:00,"RE","INV00000146","Invoice line 146",565309.09,152.606,,,,,,,,,,,,,,,,,,,,,-482,,0,,2026-05-18T15:22:41
4500000150,5100000150,2025,,"MAT00000056",2024-01-02T00:00:00,2024-01-02T00:00:00,2024-01-02T00:00:00,"V000003","USD",353546.32,"NET60",2024-02-01T00:00:00,"RE","INV00000150","Invoice line 150",251256.81,108.821,,,,,,,,,,,,,,,,,,,,,-261,,0,,2026-05-18T15:22:41
4500000191,5100000191,2025,,"MAT00000021",2025-02-24T00:00:00,2025-02-24T00:00:00,2025-02-24T00:00:00,"V000016","EUR",123110.49,"0002",2025-03-26T00:00:00,"RE","INV00000191","Invoice line 191",251919.38,157.426,,,,,,,,,,,,,,,,,,,,,-638,,0,,2026-05-18T15:22:41
4500000001,5100000001,2025,"V000027","MAT00000013",2025-01-12T00:00:00,2025-01-12T00:00:00,2025-01-12T00:00:00,"V000027","EUR",147265.91,"0001",2025-02-11T00:00:00,"RE","INV00000001","Invoice line 1",25393.25,37.376,,,,,,,,,,,,,,,,,,,,,-588,,0,,2026-05-18T15:22:41
4500000058,5100000058,2023,"V000005","MAT00000016",2023-08-25T00:00:00,2023-08-25T00:00:00,2023-08-25T00:00:00,"V000005","INR",43058.13,"0001",2023-09-24T00:00:00,"RE","INV00000058","Invoice line 58",102209.54,93.325,,,,,,,,,,,,,,,,,,,,,33,,0,,2026-05-18T15:22:41
4500000083,5100000083,2023,"V000036","MAT00000011",2025-01-05T00:00:00,2025-01-05T00:00:00,2025-01-05T00:00:00,"V000036","INR",379679.77,"2/10NET30",2025-02-04T00:00:00,"RE","INV00000083","Invoice line 83",213890.62,111.377,,,,,,,,,,,,,,,,,,,,,-621,,0,,2026-05-18T15:22:41
4500000133,5100000133,2024,"V000024","MAT00000017",2024-07-01T00:00:00,2024-07-01T00:00:00,2024-07-01T00:00:00,"V000024","USD",242939.16,"NET60",2024-07-31T00:00:00,"RE","INV00000133","Invoice line 133",863299.83,188.803,,,,,,,,,,,,,,,,,,,,,-394,,0,,2026-05-18T15:22:41
4500000138,5100000138,2025,"V000009","MAT00000012",2025-01-20T00:00:00,2025-01-20T00:00:00,2025-01-20T00:00:00,"V000009","USD",124950.15,"2/10NET30",2025-02-19T00:00:00,"RE","INV00000138","Invoice line 138",481412.61,189.178,,,,,,,,,,,,,,,,,,,,,-196,,0,,2026-05-18T15:22:41
4500000139,5100000139,2025,"V000027","MAT00000023",2023-02-16T00:00:00,2023-02-16T00:00:00,2023-02-16T00:00:00,"V000027","INR",349422.06,"0001",2023-03-18T00:00:00,"RE","INV00000139","Invoice line 139",138406.14,57.321,,,,,,,,,,,,,,,,,,,,,108,,0,,2026-05-18T15:22:41
4500000161,5100000161,2025,"V000024","MAT00000012",2024-06-13T00:00:00,2024-06-13T00:00:00,2024-06-13T00:00:00,"V000024","EUR",115162.62,"0002",2024-07-13T00:00:00,"RE","INV00000161","Invoice line 161",396251.66,102.23,,,,,,,,,,,,,,,,,,,,,-376,,0,,2026-05-18T15:22:41
4500000163,5100000163,2024,"V000003","MAT00000037",2025-08-01T00:00:00,2025-08-01T00:00:00,2025-08-01T00:00:00,"V000003","EUR",190341.25,"2/10NET30",2025-08-31T00:00:00,"RE","INV00000163","Invoice line 163",6491.28,5.579,,,,,,,,,,,,,,,,,,,,,-838,,0,,2026-05-18T15:22:41
4500000170,5100000170,2025,"V000030","MAT00000055",2024-02-14T00:00:00,2024-02-14T00:00:00,2024-02-14T00:00:00,"V000030","INR",22486.03,"NET60",2024-03-15T00:00:00,"RE","INV00000170","Invoice line 170",143900.45,93.88200000000001,,,,,,,,,,,,,,,,,,,,,-376,,0,,2026-05-18T15:22:41
4500000173,5100000173,2023,"V000033","MAT00000031",2025-10-14T00:00:00,2025-10-14T00:00:00,2025-10-14T00:00:00,"V000033","INR",378132.25,"0001",2025-11-13T00:00:00,"RE","INV00000173","Invoice line 173",5511.42,16.719,,,,,,,,,,,,,,,,,,,,,-797,,0,,2026-05-18T15:22:41
4500000179,5100000179,2023,"V000034","MAT00000030",2024-09-07T00:00:00,2024-09-07T00:00:00,2024-09-07T00:00:00,"V000034","EUR",120480.45,"0002",2024-10-07T00:00:00,"RE","INV00000179","Invoice line 179",263000.67,114.486,,,,,,,,,,,,,,,,,,,,,-438,,0,,2026-05-18T15:22:41
4500000183,5100000183,2025,,"MAT00000052",2023-05-13T00:00:00,2023-05-13T00:00:00,2023-05-13T00:00:00,"V000002","EUR",379376.39,"NET60",2023-06-12T00:00:00,"RE","INV00000183","Invoice line 183",527241.1899999999,128.174,,,,,,,,,,,,,,,,,,,,,379,,0,,2026-05-18T15:22:41
4500000004,5100000004,2024,,"MAT00000033",2025-10-16T00:00:00,2025-10-16T00:00:00,2025-10-16T00:00:00,"V000008","EUR",117508.46,"0002",2025-11-15T00:00:00,"RE","INV00000004","Invoice line 4",242179,57.122,,,,,,,,,,,,,,,,,,,,,-638,,0,,2026-05-18T15:22:41
4500000010,5100000010,2024,,"MAT00000026",2023-09-05T00:00:00,2023-09-05T00:00:00,2023-09-05T00:00:00,"V000013","USD",427839.62,"0002",2023-10-05T00:00:00,"RE","INV00000010","Invoice line 10",61996.76,99.31399999999999,,,,,,,,,,,,,,,,,,,,,102,,0,,2026-05-18T15:22:41
4500000051,5100000051,2025,"V000015","MAT00000003",2024-01-22T00:00:00,2024-01-22T00:00:00,2024-01-22T00:00:00,"V000015","USD",287969.07,"0002",2024-02-21T00:00:00,"RE","INV00000051","Invoice line 51",91342.8,99.008,,,,,,,,,,,,,,,,,,,,,-309,,0,,2026-05-18T15:22:41
4500000077,5100000077,2025,,"MAT00000010",2023-03-15T00:00:00,2023-03-15T00:00:00,2023-03-15T00:00:00,"V000027","EUR",443620.85,"0001",2023-04-14T00:00:00,"RE","INV00000077","Invoice line 77",78971.57000000001,115.082,,,,,,,,,,,,,,,,,,,,,81,,0,,2026-05-18T15:22:41
4500000101,5100000101,2024,"V000039","MAT00000027",2024-01-07T00:00:00,2024-01-07T00:00:00,2024-01-07T00:00:00,"V000039","USD",299181.74,"0001",2024-02-06T00:00:00,"RE","INV00000101","Invoice line 101",21913.3,186.116,,,,,,,,,,,,,,,,,,,,,499,,0,,2026-05-18T15:22:41
4500000107,5100000107,2025,"V000007","MAT00000007",2023-10-10T00:00:00,2023-10-10T00:00:00,2023-10-10T00:00:00,"V000007","EUR",194040.83,"0001",2023-11-09T00:00:00,"RE","INV00000107","Invoice line 107",17410.48,11.139,,,,,,,,,,,,,,,,,,,,,-14,,0,,2026-05-18T15:22:41
4500000113,5100000113,2024,"V000028","MAT00000059",2024-04-28T00:00:00,2024-04-28T00:00:00,2024-04-28T00:00:00,"V000028","USD",313338.4,"NET60",2024-05-28T00:00:00,"RE","INV00000113","Invoice line 113",343397.84,110.233,,,,,,,,,,,,,,,,,,,,,-378,,0,,2026-05-18T15:22:41
4500000124,5100000124,2023,"V000003","MAT00000003",2023-08-05T00:00:00,2023-08-05T00:00:00,2023-08-05T00:00:00,"V000003","EUR",217294.32,"NET60",2023-09-04T00:00:00,"RE","INV00000124","Invoice line 124",565126.87,120.528,,,,,,,,,,,,,,,,,,,,,-111,,0,,2026-05-18T15:22:41
4500000140,5100000140,2025,"V000024","MAT00000007",2023-08-13T00:00:00,2023-08-13T00:00:00,2023-08-13T00:00:00,"V000024","EUR",159983.96,"2/10NET30",2023-09-12T00:00:00,"RE","INV00000140","Invoice line 140",324822.31,108.372,,,,,,,,,,,,,,,,,,,,,-71,,0,,2026-05-18T15:22:41
4500000155,5100000155,2024,"V000018","MAT00000056",2023-03-12T00:00:00,2023-03-12T00:00:00,2023-03-12T00:00:00,"V000018","EUR",362165.6,"0002",2023-04-11T00:00:00,"RE","INV00000155","Invoice line 155",43258.58,24.02,,,,,,,,,,,,,,,,,,,,,-65,,0,,2026-05-18T15:22:41
4500000172,5100000172,2024,"V000009","MAT00000009",2024-05-18T00:00:00,2024-05-18T00:00:00,2024-05-18T00:00:00,"V000009","INR",393634.5,"0002",2024-06-17T00:00:00,"RE","INV00000172","Invoice line 172",360693.61,82.80500000000001,,,,,,,,,,,,,,,,,,,,,51,,0,,2026-05-18T15:22:41
4500000200,5100000200,2023,"V000006","MAT00000056",2023-04-14T00:00:00,2023-04-14T00:00:00,2023-04-14T00:00:00,"V000006","INR",459423.11,"2/10NET30",2023-05-14T00:00:00,"RE","INV00000200","Invoice line 200",216911.15,115.752,,,,,,,,,,,,,,,,,,,,,132,,0,,2026-05-18T15:22:41
4500000007,5100000007,2023,,"MAT00000040",2023-08-02T00:00:00,2023-08-02T00:00:00,2023-08-02T00:00:00,"V000003","EUR",187132,"NET60",2023-09-01T00:00:00,"RE","INV00000007","Invoice line 7",180528.36,74.92700000000001,,,,,,,,,,,,,,,,,,,,,-108,,0,,2026-05-18T15:22:41
4500000017,5100000017,2023,"V000036","MAT00000046",2023-11-03T00:00:00,2023-11-03T00:00:00,2023-11-03T00:00:00,"V000036","USD",429396.39,"NET60",2023-12-03T00:00:00,"RE","INV00000017","Invoice line 17",641729.88,157.15,,,,,,,,,,,,,,,,,,,,,-192,,0,,2026-05-18T15:22:41
4500000024,5100000024,2024,"V000023","MAT00000027",2024-09-19T00:00:00,2024-09-19T00:00:00,2024-09-19T00:00:00,"V000023","EUR",367059.93,"2/10NET30",2024-10-19T00:00:00,"RE","INV00000024","Invoice line 24",300706.54,117.326,,,,,,,,,,,,,,,,,,,,,-436,,0,,2026-05-18T15:22:41
4500000075,5100000075,2024,"V000040","MAT00000024",2024-03-29T00:00:00,2024-03-29T00:00:00,2024-03-29T00:00:00,"V000040","EUR",487925.08,"2/10NET30",2024-04-28T00:00:00,"RE","INV00000075","Invoice line 75",853863.92,178.859,,,,,,,,,,,,,,,,,,,,,166,,0,,2026-05-18T15:22:41
4500000079,5100000079,2025,,"MAT00000028",2025-10-07T00:00:00,2025-10-07T00:00:00,2025-10-07T00:00:00,"V000002","INR",40103.94,"NET30",2025-11-06T00:00:00,"RE","INV00000079","Invoice line 79",661304.9399999999,171.438,,,,,,,,,,,,,,,,,,,,,-499,,0,,2026-05-18T15:22:41
4500000120,5100000120,2025,"V000004","MAT00000060",2023-09-15T00:00:00,2023-09-15T00:00:00,2023-09-15T00:00:00,"V000004","INR",434159.73,"2/10NET30",2023-10-15T00:00:00,"RE","INV00000120","Invoice line 120",688056.38,199.55,,,,,,,,,,,,,,,,,,,,,161,,0,,2026-05-18T15:22:41
4500000130,5100000130,2024,"V000012","MAT00000028",2024-10-22T00:00:00,2024-10-22T00:00:00,2024-10-22T00:00:00,"V000012","INR",395186.54,"0002",2024-11-21T00:00:00,"RE","INV00000130","Invoice line 130",133670.02,86.997,,,,,,,,,,,,,,,,,,,,,-656,,0,,2026-05-18T15:22:41
4500000143,5100000143,2023,"V000029","MAT00000014",2023-11-06T00:00:00,2023-11-06T00:00:00,2023-11-06T00:00:00,"V000029","EUR",139023.67,"NET60",2023-12-06T00:00:00,"RE","INV00000143","Invoice line 143",103862.09,26.162,,,,,,,,,,,,,,,,,,,,,-198,,0,,2026-05-18T15:22:41
4500000166,5100000166,2025,"V000021","MAT00000033",2025-04-26T00:00:00,2025-04-26T00:00:00,2025-04-26T00:00:00,"V000021","INR",354694.59,"0002",2025-05-26T00:00:00,"RE","INV00000166","Invoice line 166",13475.12,6.32,,,,,,,,,,,,,,,,,,,,,-363,,0,,2026-05-18T15:22:41
4500000187,5100000187,2024,"V000003","MAT00000042",2023-09-18T00:00:00,2023-09-18T00:00:00,2023-09-18T00:00:00,"V000003","USD",325515.58,"NET30",2023-10-18T00:00:00,"RE","INV00000187","Invoice line 187",418914.62,110.261,,,,,,,,,,,,,,,,,,,,,-155,,0,,2026-05-18T15:22:41
4500000192,5100000192,2024,"V000023","MAT00000048",2023-09-06T00:00:00,2023-09-06T00:00:00,2023-09-06T00:00:00,"V000023","EUR",134121.7,"NET60",2023-10-06T00:00:00,"RE","INV00000192","Invoice line 192",101743.95,20.904,,,,,,,,,,,,,,,,,,,,,-57,,0,,2026-05-18T15:22:41
4500000197,5100000197,2023,"V000006","MAT00000010",2024-11-13T00:00:00,2024-11-13T00:00:00,2024-11-13T00:00:00,"V000006","USD",228097.22,"0001",2024-12-13T00:00:00,"RE","INV00000197","Invoice line 197",36196.43,7.375,,,,,,,,,,,,,,,,,,,,,-447,,0,,2026-05-18T15:22:41
4500000027,5100000027,2023,"V000004","MAT00000022",2023-04-14T00:00:00,2023-04-14T00:00:00,2023-04-14T00:00:00,"V000004","INR",283667.85,"NET60",2023-05-14T00:00:00,"RE","INV00000027","Invoice line 27",203866.52,62.668,,,,,,,,,,,,,,,,,,,,,315,,0,,2026-05-18T15:22:41
4500000028,5100000028,2023,"V000006","MAT00000018",2023-04-22T00:00:00,2023-04-22T00:00:00,2023-04-22T00:00:00,"V000006","EUR",254302.88,"NET60",2023-05-22T00:00:00,"RE","INV00000028","Invoice line 28",100604.36,67.512,,,,,,,,,,,,,,,,,,,,,124,,0,,2026-05-18T15:22:41
4500000047,5100000047,2024,"V000019","MAT00000050",2024-02-12T00:00:00,2024-02-12T00:00:00,2024-02-12T00:00:00,"V000019","USD",384390.01,"0002",2024-03-13T00:00:00,"RE","INV00000047","Invoice line 47",260992.56,102.564,,,,,,,,,,,,,,,,,,,,,-308,,0,,2026-05-18T15:22:41
4500000060,5100000060,2023,"V000014","MAT00000004",2023-04-03T00:00:00,2023-04-03T00:00:00,2023-04-03T00:00:00,"V000014","EUR",372127.06,"0001",2023-05-03T00:00:00,"RE","INV00000060","Invoice line 60",132794.56,50.046,,,,,,,,,,,,,,,,,,,,,-51,,0,,2026-05-18T15:22:41
4500000072,5100000072,2023,,"MAT00000029",2024-06-15T00:00:00,2024-06-15T00:00:00,2024-06-15T00:00:00,"V000035","USD",468134.81,"NET60",2024-07-15T00:00:00,"RE","INV00000072","Invoice line 72",346690.63,115.99,,,,,,,,,,,,,,,,,,,,,-241,,0,,2026-05-18T15:22:41
4500000074,5100000074,2024,"V000001","MAT00000028",2023-07-04T00:00:00,2023-07-04T00:00:00,2023-07-04T00:00:00,"V000001","EUR",142366.64,"NET60",2023-08-03T00:00:00,"RE","INV00000074","Invoice line 74",83192.55,122.817,,,,,,,,,,,,,,,,,,,,,-81,,0,,2026-05-18T15:22:41
4500000102,5100000102,2024,"V000038","MAT00000006",2023-10-26T00:00:00,2023-10-26T00:00:00,2023-10-26T00:00:00,"V000038","EUR",463330.51,"0002",2023-11-25T00:00:00,"RE","INV00000102","Invoice line 102",210532.59,117.448,,,,,,,,,,,,,,,,,,,,,89,,0,,2026-05-18T15:22:41
4500000136,5100000136,2025,"V000017","MAT00000051",2023-09-14T00:00:00,2023-09-14T00:00:00,2023-09-14T00:00:00,"V000017","USD",389347.88,"0001",2023-10-14T00:00:00,"RE","INV00000136","Invoice line 136",39550.15,12.519,,,,,,,,,,,,,,,,,,,,,-153,,0,,2026-05-18T15:22:41
4500000152,5100000152,2024,"V000027","MAT00000025",2023-10-20T00:00:00,2023-10-20T00:00:00,2023-10-20T00:00:00,"V000027","EUR",497137.99,"NET30",2023-11-19T00:00:00,"RE","INV00000152","Invoice line 152",107286.48,186.449,,,,,,,,,,,,,,,,,,,,,-138,,0,,2026-05-18T15:22:41
4500000159,5100000159,2025,"V000036","MAT00000040",2024-01-04T00:00:00,2024-01-04T00:00:00,2024-01-04T00:00:00,"V000036","EUR",119296.04,"2/10NET30",2024-02-03T00:00:00,"RE","INV00000159","Invoice line 159",25221.01,27.382,,,,,,,,,,,,,,,,,,,,,-254,,0,,2026-05-18T15:22:41
4500000181,5100000181,2023,"V000031","MAT00000029",2023-01-15T00:00:00,2023-01-15T00:00:00,2023-01-15T00:00:00,"V000031","USD",44711.28,"2/10NET30",2023-02-14T00:00:00,"RE","INV00000181","Invoice line 181",174481.1,79.738,,,,,,,,,,,,,,,,,,,,,105,,0,,2026-05-18T15:22:41
4500000008,5100000008,2024,"V000020","MAT00000032",2024-08-08T00:00:00,2024-08-08T00:00:00,2024-08-08T00:00:00,"V000020","EUR",284583.68,"2/10NET30",2024-09-07T00:00:00,"RE","INV00000008","Invoice line 8",49229.33,68.179,,,,,,,,,,,,,,,,,,,,,-582,,0,,2026-05-18T15:22:41
4500000026,5100000026,2023,"V000015","MAT00000002",2025-10-09T00:00:00,2025-10-09T00:00:00,2025-10-09T00:00:00,"V000015","EUR",26577.2,"0001",2025-11-08T00:00:00,"RE","INV00000026","Invoice line 26",317402.66,82.16800000000001,,,,,,,,,,,,,,,,,,,,,-935,,0,,2026-05-18T15:22:41
4500000029,5100000029,2024,"V000009","MAT00000012",2025-04-28T00:00:00,2025-04-28T00:00:00,2025-04-28T00:00:00,"V000009","INR",278831.21,"0001",2025-05-28T00:00:00,"RE","INV00000029","Invoice line 29",165742.52,88.92100000000001,,,,,,,,,,,,,,,,,,,,,-294,,0,,2026-05-18T15:22:41
4500000031,5100000031,2025,"V000026","MAT00000058",2024-12-24T00:00:00,2024-12-24T00:00:00,2024-12-24T00:00:00,"V000026","USD",28859.6,"0001",2025-01-23T00:00:00,"RE","INV00000031","Invoice line 31",424671.53,91.779,,,,,,,,,,,,,,,,,,,,,-552,,0,,2026-05-18T15:22:41
4500000046,5100000046,2023,"V000003","MAT00000035",2024-10-10T00:00:00,2024-10-10T00:00:00,2024-10-10T00:00:00,"V000003","EUR",477971.55,"2/10NET30",2024-11-09T00:00:00,"RE","INV00000046","Invoice line 46",220876.4,115.035,,,,,,,,,,,,,,,,,,,,,-543,,0,,2026-05-18T15:22:41
4500000067,5100000067,2025,,"MAT00000056",2023-01-18T00:00:00,2023-01-18T00:00:00,2023-01-18T00:00:00,"V000027","INR",255397.88,"0001",2023-02-17T00:00:00,"RE","INV00000067","Invoice line 67",303251.7,147.226,,,,,,,,,,,,,,,,,,,,,137,,0,,2026-05-18T15:22:41
4500000086,5100000086,2023,"V000018","MAT00000040",2024-10-07T00:00:00,2024-10-07T00:00:00,2024-10-07T00:00:00,"V000018","INR",138155.82,"0001",2024-11-06T00:00:00,"RE","INV00000086","Invoice line 86",163320.46,90.081,,,,,,,,,,,,,,,,,,,,,-640,,0,,2026-05-18T15:22:41
4500000088,5100000088,2025,"V000032","MAT00000021",2025-08-01T00:00:00,2025-08-01T00:00:00,2025-08-01T00:00:00,"V000032","INR",435705.35,"0002",2025-08-31T00:00:00,"RE","INV00000088","Invoice line 88",306029.59,69.51300000000001,,,,,,,,,,,,,,,,,,,,,-838,,0,,2026-05-18T15:22:41
4500000096,5100000096,2025,"V000009","MAT00000059",2023-11-11T00:00:00,2023-11-11T00:00:00,2023-11-11T00:00:00,"V000009","USD",481247.18,"NET30",2023-12-11T00:00:00,"RE","INV00000096","Invoice line 96",360113.59,72.944,,,,,,,,,,,,,,,,,,,,,240,,0,,2026-05-18T15:22:41
4500000104,5100000104,2024,"V000007","MAT00000036",2023-08-31T00:00:00,2023-08-31T00:00:00,2023-08-31T00:00:00,"V000007","USD",435356.23,"NET60",2023-09-30T00:00:00,"RE","INV00000104","Invoice line 104",199165.59,68.511,,,,,,,,,,,,,,,,,,,,,26,,0,,2026-05-18T15:22:41
4500000115,5100000115,2023,"V000029","MAT00000043",2024-08-08T00:00:00,2024-08-08T00:00:00,2024-08-08T00:00:00,"V000029","EUR",376711.65,"0001",2024-09-07T00:00:00,"RE","INV00000115","Invoice line 115",412008.67,86.51900000000001,,,,,,,,,,,,,,,,,,,,,-474,,0,,2026-05-18T15:22:41
4500000118,5100000118,2025,"V000029","MAT00000025",2023-12-19T00:00:00,2023-12-19T00:00:00,2023-12-19T00:00:00,"V000029","EUR",426928.59,"NET60",2024-01-18T00:00:00,"RE","INV00000118","Invoice line 118",24987.6,14.751,,,,,,,,,,,,,,,,,,,,,-241,,0,,2026-05-18T15:22:41
4500000121,5100000121,2023,"V000029","MAT00000004",2025-05-07T00:00:00,2025-05-07T00:00:00,2025-05-07T00:00:00,"V000029","INR",286315.08,"0001",2025-06-06T00:00:00,"RE","INV00000121","Invoice line 121",131343.32,53.274,,,,,,,,,,,,,,,,,,,,,-746,,0,,2026-05-18T15:22:41
4500000123,5100000123,2023,"V000022","MAT00000033",2024-06-26T00:00:00,2024-06-26T00:00:00,2024-06-26T00:00:00,"V000022","INR",129057.26,"NET60",2024-07-26T00:00:00,"RE","INV00000123","Invoice line 123",24664.04,44.487,,,,,,,,,,,,,,,,,,,,,-521,,0,,2026-05-18T15:22:41
4500000131,5100000131,2025,"V000004","MAT00000045",2023-05-26T00:00:00,2023-05-26T00:00:00,2023-05-26T00:00:00,"V000004","EUR",114057.64,"2/10NET30",2023-06-25T00:00:00,"RE","INV00000131","Invoice line 131",164598.74,171.259,,,,,,,,,,,,,,,,,,,,,273,,0,,2026-05-18T15:22:41
4500000193,5100000193,2025,"V000022","MAT00000048",2025-02-27T00:00:00,2025-02-27T00:00:00,2025-02-27T00:00:00,"V000022","EUR",89506.02,"0001",2025-03-29T00:00:00,"RE","INV00000193","Invoice line 193",428505.55,174.463,,,,,,,,,,,,,,,,,,,,,-767,,0,,2026-05-18T15:22:41
4500000195,5100000195,2025,,"MAT00000018",2024-06-06T00:00:00,2024-06-06T00:00:00,2024-06-06T00:00:00,"V000007","USD",73125.34,"0002",2024-07-06T00:00:00,"RE","INV00000195","Invoice line 195",507400.33,170.627,,,,,,,,,,,,,,,,,,,,,-254,,0,,2026-05-18T15:22:41
4500000005,5100000005,2023,"V000022","MAT00000047",2023-11-21T00:00:00,2023-11-21T00:00:00,2023-11-21T00:00:00,"V000022","EUR",240180.03,"0001",2023-12-21T00:00:00,"RE","INV00000005","Invoice line 5",169969.26,35.334,,,,,,,,,,,,,,,,,,,,,-303,,0,,2026-05-18T15:22:41
4500000006,5100000006,2025,"V000039","MAT00000016",2024-11-08T00:00:00,2024-11-08T00:00:00,2024-11-08T00:00:00,"V000039","USD",268745,"2/10NET30",2024-12-08T00:00:00,"RE","INV00000006","Invoice line 6",873.25,5.761,,,,,,,,,,,,,,,,,,,,,193,,0,,2026-05-18T15:22:41
4500000013,5100000013,2025,"V000039","MAT00000017",2023-09-26T00:00:00,2023-09-26T00:00:00,2023-09-26T00:00:00,"V000039","EUR",246604.55,"2/10NET30",2023-10-26T00:00:00,"RE","INV00000013","Invoice line 13",130582.56,166.125,,,,,,,,,,,,,,,,,,,,,602,,0,,2026-05-18T15:22:41
4500000021,5100000021,2023,"V000010","MAT00000028",2024-12-10T00:00:00,2024-12-10T00:00:00,2024-12-10T00:00:00,"V000010","EUR",9775.879999999999,"0002",2025-01-09T00:00:00,"RE","INV00000021","Invoice line 21",359401.03,172.907,,,,,,,,,,,,,,,,,,,,,-549,,0,,2026-05-18T15:22:41
4500000022,5100000022,2023,,"MAT00000009",2023-01-02T00:00:00,2023-01-02T00:00:00,2023-01-02T00:00:00,"V000026","USD",449219.81,"2/10NET30",2023-02-01T00:00:00,"RE","INV00000022","Invoice line 22",30651.77,84.91500000000001,,,,,,,,,,,,,,,,,,,,,170,,0,,2026-05-18T15:22:41
4500000039,5100000039,2024,"V000010","MAT00000040",2023-11-26T00:00:00,2023-11-26T00:00:00,2023-11-26T00:00:00,"V000010","EUR",393334.02,"NET60",2023-12-26T00:00:00,"RE","INV00000039","Invoice line 39",251146.75,130.25,,,,,,,,,,,,,,,,,,,,,-169,,0,,2026-05-18T15:22:41
4500000044,5100000044,2025,"V000033","MAT00000008",2024-10-03T00:00:00,2024-10-03T00:00:00,2024-10-03T00:00:00,"V000033","USD",303757.26,"0001",2024-11-02T00:00:00,"RE","INV00000044","Invoice line 44",20662.25,195.111,,,,,,,,,,,,,,,,,,,,,-421,,0,,2026-05-18T15:22:41
4500000062,5100000062,2025,,"MAT00000017",2023-05-05T00:00:00,2023-05-05T00:00:00,2023-05-05T00:00:00,"V000013","USD",389803.94,"0001",2023-06-04T00:00:00,"RE","INV00000062","Invoice line 62",29557.02,177.915,,,,,,,,,,,,,,,,,,,,,225,,0,,2026-05-18T15:22:41
4500000071,5100000071,2024,"V000012","MAT00000041",2024-02-16T00:00:00,2024-02-16T00:00:00,2024-02-16T00:00:00,"V000012","INR",499237.06,"2/10NET30",2024-03-17T00:00:00,"RE","INV00000071","Invoice line 71",213611.65,155.179,,,,,,,,,,,,,,,,,,,,,-407,,0,,2026-05-18T15:22:41
4500000099,5100000099,2025,"V000020","MAT00000007",2023-03-26T00:00:00,2023-03-26T00:00:00,2023-03-26T00:00:00,"V000020","USD",359444.42,"0002",2023-04-25T00:00:00,"RE","INV00000099","Invoice line 99",88775.3,62.663,,,,,,,,,,,,,,,,,,,,,-81,,0,,2026-05-18T15:22:41
4500000100,5100000100,2025,"V000030","MAT00000045",2025-08-24T00:00:00,2025-08-24T00:00:00,2025-08-24T00:00:00,"V000030","USD",391936.27,"0001",2025-09-23T00:00:00,"RE","INV00000100","Invoice line 100",496330.13,175.872,,,,,,,,,,,,,,,,,,,,,-933,,0,,2026-05-18T15:22:41
4500000105,5100000105,2024,"V000026","MAT00000021",2023-04-01T00:00:00,2023-04-01T00:00:00,2023-04-01T00:00:00,"V000026","USD",388068.09,"2/10NET30",2023-05-01T00:00:00,"RE","INV00000105","Invoice line 105",9980.030000000001,31.104,,,,,,,,,,,,,,,,,,,,,81,,0,,2026-05-18T15:22:41
4500000117,5100000117,2025,"V000023","MAT00000038",2025-12-15T00:00:00,2025-12-15T00:00:00,2025-12-15T00:00:00,"V000023","EUR",462447.84,"0001",2026-01-14T00:00:00,"RE","INV00000117","Invoice line 117",648154.6,185.067,,,,,,,,,,,,,,,,,,,,,-888,,0,,2026-05-18T15:22:41
4500000122,5100000122,2025,,"MAT00000012",2023-01-27T00:00:00,2023-01-27T00:00:00,2023-01-27T00:00:00,"V000016","INR",488621.53,"NET60",2023-02-26T00:00:00,"RE","INV00000122","Invoice line 122",53185.77,63.576,,,,,,,,,,,,,,,,,,,,,121,,0,,2026-05-18T15:22:41
4500000127,5100000127,2025,,"MAT00000021",2024-03-10T00:00:00,2024-03-10T00:00:00,2024-03-10T00:00:00,"V000008","USD",375865.82,"NET60",2024-04-09T00:00:00,"RE","INV00000127","Invoice line 127",166502.12,174.71,,,,,,,,,,,,,,,,,,,,,-53,,0,,2026-05-18T15:22:41
4500000141,5100000141,2024,"V000015","MAT00000023",2025-04-27T00:00:00,2025-04-27T00:00:00,2025-04-27T00:00:00,"V000015","INR",181170.94,"0001",2025-05-27T00:00:00,"RE","INV00000141","Invoice line 141",173913.1,113.41,,,,,,,,,,,,,,,,,,,,,-770,,0,,2026-05-18T15:22:41
4500000142,5100000142,2024,"V000004","MAT00000003",2025-05-01T00:00:00,2025-05-01T00:00:00,2025-05-01T00:00:00,"V000004","EUR",352443.7,"0002",2025-05-31T00:00:00,"RE","INV00000142","Invoice line 142",70181.71000000001,160.934,,,,,,,,,,,,,,,,,,,,,-433,,0,,2026-05-18T15:22:41
4500000145,5100000145,2025,"V000011","MAT00000013",2025-11-26T00:00:00,2025-11-26T00:00:00,2025-11-26T00:00:00,"V000011","USD",313408.8,"2/10NET30",2025-12-26T00:00:00,"RE","INV00000145","Invoice line 145",193921.57,47.858,,,,,,,,,,,,,,,,,,,,,-688,,0,,2026-05-18T15:22:41
4500000147,5100000147,2024,"V000024","MAT00000001",2024-06-23T00:00:00,2024-06-23T00:00:00,2024-06-23T00:00:00,"V000024","USD",37587.71,"NET60",2024-07-23T00:00:00,"RE","INV00000147","Invoice line 147",180441.51,158.239,,,,,,,,,,,,,,,,,,,,,-386,,0,,2026-05-18T15:22:41
4500000168,5100000168,2023,"V000036","MAT00000018",2024-12-30T00:00:00,2024-12-30T00:00:00,2024-12-30T00:00:00,"V000036","EUR",220992.31,"NET30",2025-01-29T00:00:00,"RE","INV00000168","Invoice line 168",388726.52,140.256,,,,,,,,,,,,,,,,,,,,,-615,,0,,2026-05-18T15:22:41
4500000171,5100000171,2024,"V000039","MAT00000057",2023-12-31T00:00:00,2023-12-31T00:00:00,2023-12-31T00:00:00,"V000039","INR",97163.87,"0001",2024-01-30T00:00:00,"RE","INV00000171","Invoice line 171",389517.07,107.112,,,,,,,,,,,,,,,,,,,,,506,,0,,2026-05-18T15:22:41
4500000174,5100000174,2023,"V000004","MAT00000003",2024-07-16T00:00:00,2024-07-16T00:00:00,2024-07-16T00:00:00,"V000004","USD",226864.91,"NET60",2024-08-15T00:00:00,"RE","INV00000174","Invoice line 174",288551.58,86.27,,,,,,,,,,,,,,,,,,,,,-144,,0,,2026-05-18T15:22:41
4500000175,5100000175,2024,"V000031","MAT00000001",2025-02-13T00:00:00,2025-02-13T00:00:00,2025-02-13T00:00:00,"V000031","USD",381976.79,"0001",2025-03-15T00:00:00,"RE","INV00000175","Invoice line 175",137838.95,58.273,,,,,,,,,,,,,,,,,,,,,-655,,0,,2026-05-18T15:22:41
4500000002,5100000002,2023,"V000024","MAT00000044",2025-04-16T00:00:00,2025-04-16T00:00:00,2025-04-16T00:00:00,"V000024","INR",42945.39,"NET30",2025-05-16T00:00:00,"RE","INV00000002","Invoice line 2",747959.88,161.4,,,,,,,,,,,,,,,,,,,,,-683,,0,,2026-05-18T15:22:41
4500000033,5100000033,2023,"V000030","MAT00000041",2025-01-25T00:00:00,2025-01-25T00:00:00,2025-01-25T00:00:00,"V000030","EUR",63523.68,"0001",2025-02-24T00:00:00,"RE","INV00000033","Invoice line 33",22170.54,4.969,,,,,,,,,,,,,,,,,,,,,-722,,0,,2026-05-18T15:22:41
4500000040,5100000040,2025,"V000009","MAT00000026",2023-01-12T00:00:00,2023-01-12T00:00:00,2023-01-12T00:00:00,"V000009","EUR",288140.37,"2/10NET30",2023-02-11T00:00:00,"RE","INV00000040","Invoice line 40",712690.47,145.551,,,,,,,,,,,,,,,,,,,,,543,,0,,2026-05-18T15:22:41
4500000041,5100000041,2023,"V000027","MAT00000008",2024-12-07T00:00:00,2024-12-07T00:00:00,2024-12-07T00:00:00,"V000027","USD",396891.85,"NET30",2025-01-06T00:00:00,"RE","INV00000041","Invoice line 41",241283.05,74.97499999999999,,,,,,,,,,,,,,,,,,,,,-552,,0,,2026-05-18T15:22:41
4500000042,5100000042,2025,"V000032","MAT00000002",2023-12-23T00:00:00,2023-12-23T00:00:00,2023-12-23T00:00:00,"V000032","EUR",189763.07,"NET60",2024-01-22T00:00:00,"RE","INV00000042","Invoice line 42",83679.63,20.531,,,,,,,,,,,,,,,,,,,,,-251,,0,,2026-05-18T15:22:41
4500000048,5100000048,2025,,"MAT00000028",2024-12-04T00:00:00,2024-12-04T00:00:00,2024-12-04T00:00:00,"V000035","USD",389577.56,"NET60",2025-01-03T00:00:00,"RE","INV00000048","Invoice line 48",247880.54,165.311,,,,,,,,,,,,,,,,,,,,,-413,,0,,2026-05-18T15:22:41
4500000053,5100000053,2023,"V000011","MAT00000016",2025-09-09T00:00:00,2025-09-09T00:00:00,2025-09-09T00:00:00,"V000011","USD",412583.64,"0001",2025-10-09T00:00:00,"RE","INV00000053","Invoice line 53",326415.67,74.922,,,,,,,,,,,,,,,,,,,,,-610,,0,,2026-05-18T15:22:41
4500000059,5100000059,2023,"V000009","MAT00000052",2024-11-29T00:00:00,2024-11-29T00:00:00,2024-11-29T00:00:00,"V000009","INR",148613.19,"NET30",2024-12-29T00:00:00,"RE","INV00000059","Invoice line 59",427803.53,162.731,,,,,,,,,,,,,,,,,,,,,-144,,0,,2026-05-18T15:22:41
4500000063,5100000063,2024,"V000027","MAT00000034",2025-03-21T00:00:00,2025-03-21T00:00:00,2025-03-21T00:00:00,"V000027","INR",35410.59,"2/10NET30",2025-04-20T00:00:00,"RE","INV00000063","Invoice line 63",65100.26,36.964,,,,,,,,,,,,,,,,,,,,,-656,,0,,2026-05-18T15:22:41
4500000066,5100000066,2024,"V000032","MAT00000019",2023-03-19T00:00:00,2023-03-19T00:00:00,2023-03-19T00:00:00,"V000032","USD",197252.27,"0002",2023-04-18T00:00:00,"RE","INV00000066","Invoice line 66",71075.82000000001,46.942,,,,,,,,,,,,,,,,,,,,,28,,0,,2026-05-18T15:22:41
4500000082,5100000082,2024,"V000023","MAT00000044",2025-12-12T00:00:00,2025-12-12T00:00:00,2025-12-12T00:00:00,"V000023","EUR",341448.34,"NET30",2026-01-11T00:00:00,"RE","INV00000082","Invoice line 82",605900.14,144.851,,,,,,,,,,,,,,,,,,,,,-885,,0,,2026-05-18T15:22:41
4500000089,5100000089,2024,,"MAT00000058",2024-06-01T00:00:00,2024-06-01T00:00:00,2024-06-01T00:00:00,"V000007","INR",245016.82,"NET60",2024-07-01T00:00:00,"RE","INV00000089","Invoice line 89",154354.74,65.78,,,,,,,,,,,,,,,,,,,,,-249,,0,,2026-05-18T15:22:41
4500000092,5100000092,2024,"V000023","MAT00000016",2024-08-16T00:00:00,2024-08-16T00:00:00,2024-08-16T00:00:00,"V000023","INR",105355.6,"NET30",2024-09-15T00:00:00,"RE","INV00000092","Invoice line 92",555824.78,143.385,,,,,,,,,,,,,,,,,,,,,-402,,0,,2026-05-18T15:22:41
4500000109,5100000109,2025,"V000040","MAT00000010",2024-03-02T00:00:00,2024-03-02T00:00:00,2024-03-02T00:00:00,"V000040","INR",73981.36,"NET60",2024-04-01T00:00:00,"RE","INV00000109","Invoice line 109",765433.55,163.629,,,,,,,,,,,,,,,,,,,,,193,,0,,2026-05-18T15:22:41
4500000110,5100000110,2025,"V000010","MAT00000024",2024-07-16T00:00:00,2024-07-16T00:00:00,2024-07-16T00:00:00,"V000010","EUR",83854.74000000001,"0001",2024-08-15T00:00:00,"RE","INV00000110","Invoice line 110",677004.91,148.053,,,,,,,,,,,,,,,,,,,,,-402,,0,,2026-05-18T15:22:41
4500000156,5100000156,2023,"V000023","MAT00000041",2023-02-05T00:00:00,2023-02-05T00:00:00,2023-02-05T00:00:00,"V000023","INR",133619.08,"NET60",2023-03-07T00:00:00,"RE","INV00000156","Invoice line 156",390691.79,141.227,,,,,,,,,,,,,,,,,,,,,156,,0,,2026-05-18T15:22:41
4500000158,5100000158,2023,"V000003","MAT00000050",2025-10-11T00:00:00,2025-10-11T00:00:00,2025-10-11T00:00:00,"V000003","INR",138611.54,"0001",2025-11-10T00:00:00,"RE","INV00000158","Invoice line 158",175590.16,108.664,,,,,,,,,,,,,,,,,,,,,-909,,0,,2026-05-18T15:22:41
4500000164,5100000164,2024,,"MAT00000054",2025-09-22T00:00:00,2025-09-22T00:00:00,2025-09-22T00:00:00,"V000039","EUR",102850.61,"0002",2025-10-22T00:00:00,"RE","INV00000164","Invoice line 164",23435.56,39.03,,,,,,,,,,,,,,,,,,,,,-125,,0,,2026-05-18T15:22:41
4500000169,5100000169,2023,"V000020","MAT00000007",2025-08-02T00:00:00,2025-08-02T00:00:00,2025-08-02T00:00:00,"V000020","USD",232718.28,"2/10NET30",2025-09-01T00:00:00,"RE","INV00000169","Invoice line 169",139489.43,127.16,,,,,,,,,,,,,,,,,,,,,-941,,0,,2026-05-18T15:22:41
4500000185,5100000185,2023,"V000023","MAT00000007",2025-07-03T00:00:00,2025-07-03T00:00:00,2025-07-03T00:00:00,"V000023","INR",107436.66,"0001",2025-08-02T00:00:00,"RE","INV00000185","Invoice line 185",228198.3,98.633,,,,,,,,,,,,,,,,,,,,,-723,,0,,2026-05-18T15:22:41
4500000186,5100000186,2025,"V000004","MAT00000045",2025-05-02T00:00:00,2025-05-02T00:00:00,2025-05-02T00:00:00,"V000004","USD",24434.86,"2/10NET30",2025-06-01T00:00:00,"RE","INV00000186","Invoice line 186",9721.66,9.974,,,,,,,,,,,,,,,,,,,,,-434,,0,,2026-05-18T15:22:41
4500000196,5100000196,2025,"V000018","MAT00000007",2024-04-07T00:00:00,2024-04-07T00:00:00,2024-04-07T00:00:00,"V000018","USD",297043.74,"0001",2024-05-07T00:00:00,"RE","INV00000196","Invoice line 196",80662.06,21.911,,,,,,,,,,,,,,,,,,,,,-457,,0,,2026-05-18T15:22:41

